temperature,door_state,date
24.70368,open,21-05-2024 20:03:30
27.0444,open,21-05-2024 20:03:31
27.0444,open,21-05-2024 20:03:31
27.51254,open,21-05-2024 20:03:32
27.51254,open,21-05-2024 20:03:33
27.51254,open,21-05-2024 20:03:35
27.51254,open,21-05-2024 20:03:35
27.0444,open,21-05-2024 20:03:36
27.0444,open,21-05-2024 20:03:36
27.51254,open,21-05-2024 20:03:37
27.51254,open,21-05-2024 20:03:37
27.51254,open,21-05-2024 20:03:37
27.0444,open,21-05-2024 20:03:38
27.0444,open,21-05-2024 20:03:38
27.51254,open,21-05-2024 20:03:39
27.51254,open,21-05-2024 20:03:39
27.0444,open,21-05-2024 20:03:39
27.51254,open,21-05-2024 20:03:40
27.51254,open,21-05-2024 20:03:40
27.51254,open,21-05-2024 20:03:41
27.0444,open,21-05-2024 20:03:42
27.51254,open,21-05-2024 20:03:42
27.51254,open,21-05-2024 20:03:42
27.0444,open,21-05-2024 20:03:43
27.0444,open,21-05-2024 20:03:46
27.0444,open,21-05-2024 20:03:46
27.51254,open,21-05-2024 20:03:47
27.51254,open,21-05-2024 20:04:48
27.51254,open,21-05-2024 20:04:56
27.0444,open,21-05-2024 20:04:56
27.0444,open,21-05-2024 20:04:57
27.51254,open,21-05-2024 20:04:57
27.51254,open,21-05-2024 20:04:57
27.0444,open,21-05-2024 20:04:58
27.51254,open,21-05-2024 20:04:59
27.51254,open,21-05-2024 20:04:59
27.0444,open,21-05-2024 20:05:00
27.0444,open,21-05-2024 20:05:00
27.51254,open,21-05-2024 20:05:00
27.0444,open,21-05-2024 20:05:01
27.51254,open,21-05-2024 20:05:02
27.51254,open,21-05-2024 20:05:02
27.0444,open,21-05-2024 20:05:03
27.0444,open,21-05-2024 20:05:03
27.0444,open,21-05-2024 20:05:04
27.0444,open,21-05-2024 20:05:05
27.51254,open,21-05-2024 20:05:05
27.51254,open,21-05-2024 20:05:06
27.0444,open,21-05-2024 20:05:07
27.51254,open,21-05-2024 20:05:07
27.51254,open,21-05-2024 20:05:08
27.51254,open,21-05-2024 20:05:09
27.0444,open,21-05-2024 20:05:09
27.0444,open,21-05-2024 20:05:10
27.0444,open,21-05-2024 20:05:10
27.0444,open,21-05-2024 20:05:11
27.51254,open,21-05-2024 20:05:11
27.0444,open,21-05-2024 20:05:12
26.57626,open,21-05-2024 20:05:13
27.0444,open,21-05-2024 20:05:14
27.0444,open,21-05-2024 20:05:15
27.0444,open,21-05-2024 20:05:15
27.0444,open,21-05-2024 20:05:17
27.51254,open,21-05-2024 20:05:17
27.51254,open,21-05-2024 20:05:18
27.51254,open,21-05-2024 20:05:19
27.51254,open,21-05-2024 20:05:20
27.0444,open,21-05-2024 20:05:20
27.51254,open,21-05-2024 20:05:21
27.0444,open,21-05-2024 20:05:21
27.51254,open,21-05-2024 20:05:22
27.0444,open,21-05-2024 20:05:22
27.0444,open,21-05-2024 20:05:23
27.0444,open,21-05-2024 20:05:23
27.51254,open,21-05-2024 20:05:24
27.0444,open,21-05-2024 20:05:25
27.0444,open,21-05-2024 20:05:25
27.51254,open,21-05-2024 20:05:26
27.0444,open,21-05-2024 20:05:26
27.0444,open,21-05-2024 20:05:27
27.0444,open,21-05-2024 20:05:27
27.51254,open,21-05-2024 20:05:28
27.51254,open,21-05-2024 20:05:28
27.51254,open,21-05-2024 20:05:29
27.0444,open,21-05-2024 20:05:29
27.51254,open,21-05-2024 20:05:29
27.51254,open,21-05-2024 20:05:30
27.51254,open,21-05-2024 20:05:30
27.51254,open,21-05-2024 20:05:31
27.0444,open,21-05-2024 20:05:31
27.0444,open,21-05-2024 20:05:32
27.0444,open,21-05-2024 20:05:32
27.51254,open,21-05-2024 20:05:33
27.51254,open,21-05-2024 20:05:33
27.51254,open,21-05-2024 20:05:34
27.0444,open,21-05-2024 20:05:34
27.51254,open,21-05-2024 20:05:35
27.0444,open,21-05-2024 20:05:35
27.51254,open,21-05-2024 20:05:36
27.0444,open,21-05-2024 20:05:36
27.0444,open,21-05-2024 20:05:37
27.51254,open,21-05-2024 20:05:37
27.0444,open,21-05-2024 20:05:38
27.51254,open,21-05-2024 20:05:38
27.51254,open,21-05-2024 20:05:39
27.0444,open,21-05-2024 20:05:39
27.0444,open,21-05-2024 20:05:40
27.51254,open,21-05-2024 20:05:40
27.0444,open,21-05-2024 20:05:41
27.0444,open,21-05-2024 20:05:41
27.0444,open,21-05-2024 20:05:42
27.0444,open,21-05-2024 20:05:42
27.0444,open,21-05-2024 20:05:42
27.51254,open,21-05-2024 20:05:43
27.51254,open,21-05-2024 20:05:43
27.0444,open,21-05-2024 20:05:44
27.51254,open,21-05-2024 20:05:44
27.0444,open,21-05-2024 20:05:45
27.0444,open,21-05-2024 20:05:45
27.51254,open,21-05-2024 20:05:46
27.0444,open,21-05-2024 20:05:46
27.0444,open,21-05-2024 20:05:47
27.0444,open,21-05-2024 20:05:47
27.0444,open,21-05-2024 20:05:47
27.0444,open,21-05-2024 20:05:48
27.51254,open,21-05-2024 20:05:48
27.51254,open,21-05-2024 20:05:49
27.0444,open,21-05-2024 20:05:49
27.0444,open,21-05-2024 20:05:50
27.0444,open,21-05-2024 20:05:50
27.0444,open,21-05-2024 20:05:50
27.0444,open,21-05-2024 20:05:51
27.0444,open,21-05-2024 20:05:51
27.51254,open,21-05-2024 20:05:52
27.51254,open,21-05-2024 20:05:52
27.0444,open,21-05-2024 20:05:53
27.0444,open,21-05-2024 20:05:53
27.0444,open,21-05-2024 20:05:54
27.51254,open,21-05-2024 20:05:54
27.0444,open,21-05-2024 20:05:54
27.51254,open,21-05-2024 20:05:55
27.0444,open,21-05-2024 20:05:55
27.51254,open,21-05-2024 20:05:56
27.0444,open,21-05-2024 20:05:56
27.51254,open,21-05-2024 20:05:56
27.0444,open,21-05-2024 20:05:57
27.51254,open,21-05-2024 20:05:57
27.0444,open,21-05-2024 20:05:58
27.0444,open,21-05-2024 20:05:58
27.0444,open,21-05-2024 20:05:59
27.51254,open,21-05-2024 20:05:59
27.51254,open,21-05-2024 20:05:59
27.0444,open,21-05-2024 20:06:00
27.51254,open,21-05-2024 20:06:00
27.0444,open,21-05-2024 20:06:01
27.0444,open,21-05-2024 20:06:01
27.0444,open,21-05-2024 20:06:02
27.51254,open,21-05-2024 20:06:02
27.0444,open,21-05-2024 20:06:03
27.0444,open,21-05-2024 20:06:03
27.0444,open,21-05-2024 20:06:04
27.51254,open,21-05-2024 20:06:04
27.51254,open,21-05-2024 20:06:05
27.51254,open,21-05-2024 20:06:05
27.0444,open,21-05-2024 20:06:05
27.51254,open,21-05-2024 20:06:06
27.0444,open,21-05-2024 20:06:06
27.51254,open,21-05-2024 20:06:07
27.0444,open,21-05-2024 20:06:07
27.0444,open,21-05-2024 20:06:08
27.0444,open,21-05-2024 20:06:08
27.0444,open,21-05-2024 20:06:09
27.51254,open,21-05-2024 20:06:09
27.51254,open,21-05-2024 20:06:10
27.51254,open,21-05-2024 20:06:10
27.0444,open,21-05-2024 20:06:11
27.51254,open,21-05-2024 20:06:11
27.51254,open,21-05-2024 20:06:12
27.51254,open,21-05-2024 20:06:12
27.51254,open,21-05-2024 20:06:12
27.0444,open,21-05-2024 20:06:13
27.0444,open,21-05-2024 20:06:13
27.0444,open,21-05-2024 20:06:14
27.0444,open,21-05-2024 20:06:14
27.0444,open,21-05-2024 20:06:15
27.51254,open,21-05-2024 20:06:15
27.0444,open,21-05-2024 20:06:16
27.0444,open,21-05-2024 20:06:16
27.0444,open,21-05-2024 20:06:16
27.0444,open,21-05-2024 20:06:17
27.51254,open,21-05-2024 20:06:17
27.0444,open,21-05-2024 20:06:18
27.0444,open,21-05-2024 20:06:19
27.0444,open,21-05-2024 20:06:19
27.51254,open,21-05-2024 20:06:20
27.0444,open,21-05-2024 20:06:20
27.0444,open,21-05-2024 20:06:21
27.51254,open,21-05-2024 20:06:21
27.0444,open,21-05-2024 20:06:22
27.0444,open,21-05-2024 20:06:23
27.0444,open,21-05-2024 20:06:23
27.0444,open,21-05-2024 20:06:24
27.0444,open,21-05-2024 20:06:25
27.0444,open,21-05-2024 20:06:26
27.51254,open,21-05-2024 20:06:27
27.51254,open,21-05-2024 20:06:27
27.0444,open,21-05-2024 20:06:28
27.51254,open,21-05-2024 20:06:28
27.51254,open,21-05-2024 20:06:29
27.0444,open,21-05-2024 20:06:29
27.0444,open,21-05-2024 20:06:30
27.51254,open,21-05-2024 20:06:31
27.0444,open,21-05-2024 20:06:31
27.0444,open,21-05-2024 20:06:32
27.0444,open,21-05-2024 20:06:32
27.0444,open,21-05-2024 20:06:33
27.51254,open,21-05-2024 20:06:33
27.51254,open,21-05-2024 20:06:34
27.0444,open,21-05-2024 20:06:34
27.0444,open,21-05-2024 20:06:35
27.0444,open,21-05-2024 20:06:35
27.0444,open,21-05-2024 20:06:36
27.51254,open,21-05-2024 20:06:36
27.0444,open,21-05-2024 20:06:37
27.51254,open,21-05-2024 20:06:37
27.0444,open,21-05-2024 20:06:38
27.51254,open,21-05-2024 20:06:38
27.51254,open,21-05-2024 20:06:38
27.51254,open,21-05-2024 20:06:39
27.51254,open,21-05-2024 20:06:39
27.0444,open,21-05-2024 20:06:40
27.0444,open,21-05-2024 20:06:40
27.0444,open,21-05-2024 20:06:41
27.51254,open,21-05-2024 20:06:41
27.0444,open,21-05-2024 20:06:42
27.0444,open,21-05-2024 20:06:42
27.0444,open,21-05-2024 20:06:42
27.0444,open,21-05-2024 20:06:43
27.0444,open,21-05-2024 20:06:43
27.51254,open,21-05-2024 20:06:44
27.51254,open,21-05-2024 20:06:44
27.0444,open,21-05-2024 20:06:45
27.0444,open,21-05-2024 20:06:45
27.0444,open,21-05-2024 20:06:46
27.0444,open,21-05-2024 20:06:46
27.0444,open,21-05-2024 20:06:46
27.51254,open,21-05-2024 20:06:47
27.0444,open,21-05-2024 20:06:47
27.0444,open,21-05-2024 20:06:48
27.51254,open,21-05-2024 20:06:48
27.0444,open,21-05-2024 20:06:49
27.51254,open,21-05-2024 20:06:49
27.0444,open,21-05-2024 20:06:50
27.51254,open,21-05-2024 20:06:50
27.0444,open,21-05-2024 20:06:51
27.51254,open,21-05-2024 20:06:51
27.51254,open,21-05-2024 20:06:52
27.51254,open,21-05-2024 20:06:52
27.51254,open,21-05-2024 20:06:53
27.51254,open,21-05-2024 20:06:53
27.0444,open,21-05-2024 20:06:54
27.0444,open,21-05-2024 20:06:54
27.51254,open,21-05-2024 20:06:55
27.51254,open,21-05-2024 20:06:55
27.51254,open,21-05-2024 20:06:56
27.51254,open,21-05-2024 20:06:57
27.0444,open,21-05-2024 20:06:57
27.51254,open,21-05-2024 20:06:57
26.57626,open,21-05-2024 20:06:58
27.0444,open,21-05-2024 20:06:59
27.0444,open,21-05-2024 20:06:59
27.51254,open,21-05-2024 20:07:00
27.51254,open,21-05-2024 20:07:00
27.0444,open,21-05-2024 20:07:00
27.51254,open,21-05-2024 20:07:01
27.0444,open,21-05-2024 20:07:01
27.51254,open,21-05-2024 20:07:02
27.0444,open,21-05-2024 20:07:02
27.0444,open,21-05-2024 20:07:02
27.0444,open,21-05-2024 20:07:03
27.51254,open,21-05-2024 20:07:03
27.51254,open,21-05-2024 20:07:04
27.0444,open,21-05-2024 20:07:04
27.0444,open,21-05-2024 20:07:05
27.0444,open,21-05-2024 20:07:05
27.51254,open,21-05-2024 20:07:06
27.51254,open,21-05-2024 20:07:06
27.51254,open,21-05-2024 20:07:07
27.0444,open,21-05-2024 20:07:07
27.51254,open,21-05-2024 20:07:07
27.51254,open,21-05-2024 20:07:08
27.0444,open,21-05-2024 20:07:08
27.0444,open,21-05-2024 20:07:09
27.0444,open,21-05-2024 20:07:09
27.0444,open,21-05-2024 20:07:09
27.0444,open,21-05-2024 20:07:10
27.0444,open,21-05-2024 20:07:10
27.0444,open,21-05-2024 20:07:11
27.0444,open,21-05-2024 20:07:11
27.0444,open,21-05-2024 20:07:12
27.51254,open,21-05-2024 20:07:12
27.51254,open,21-05-2024 20:07:12
27.0444,open,21-05-2024 20:07:13
27.0444,open,21-05-2024 20:07:13
27.51254,open,21-05-2024 20:07:14
27.0444,open,21-05-2024 20:07:14
27.0444,open,21-05-2024 20:07:15
27.0444,open,21-05-2024 20:07:15
27.51254,open,21-05-2024 20:07:16
27.51254,open,21-05-2024 20:07:16
27.0444,open,21-05-2024 20:07:16
27.0444,open,21-05-2024 20:07:17
27.0444,open,21-05-2024 20:07:17
27.0444,open,21-05-2024 20:07:18
27.0444,open,21-05-2024 20:07:19
27.0444,open,21-05-2024 20:07:19
26.57626,open,21-05-2024 20:07:19
27.0444,open,21-05-2024 20:07:20
27.0444,open,21-05-2024 20:07:21
27.0444,open,21-05-2024 20:07:21
27.0444,open,21-05-2024 20:07:21
27.0444,open,21-05-2024 20:07:22
27.51254,open,21-05-2024 20:07:22
27.0444,open,21-05-2024 20:07:23
27.51254,open,21-05-2024 20:07:24
27.0444,open,21-05-2024 20:07:24
27.0444,open,21-05-2024 20:07:24
27.0444,open,21-05-2024 20:07:25
27.51254,open,21-05-2024 20:07:25
27.0444,open,21-05-2024 20:07:26
27.0444,open,21-05-2024 20:07:26
27.0444,open,21-05-2024 20:07:27
27.0444,open,21-05-2024 20:07:27
27.0444,open,21-05-2024 20:07:28
27.0444,open,21-05-2024 20:07:28
27.0444,open,21-05-2024 20:07:29
27.51254,open,21-05-2024 20:07:29
27.0444,open,21-05-2024 20:07:30
27.51254,open,21-05-2024 20:07:30
27.0444,open,21-05-2024 20:07:30
27.0444,open,21-05-2024 20:07:31
27.0444,open,21-05-2024 20:07:31
27.0444,open,21-05-2024 20:07:32
27.0444,open,21-05-2024 20:07:32
27.0444,open,21-05-2024 20:07:33
27.0444,open,21-05-2024 20:07:33
27.0444,open,21-05-2024 20:07:34
27.0444,open,21-05-2024 20:07:34
27.0444,open,21-05-2024 20:07:35
27.0444,open,21-05-2024 20:07:35
27.0444,open,21-05-2024 20:07:36
27.51254,open,21-05-2024 20:07:36
27.0444,open,21-05-2024 20:07:36
27.51254,open,21-05-2024 20:07:37
27.0444,open,21-05-2024 20:07:37
27.0444,open,21-05-2024 20:07:38
27.0444,open,21-05-2024 20:07:38
27.0444,open,21-05-2024 20:07:39
27.0444,open,21-05-2024 20:07:39
27.0444,open,21-05-2024 20:07:40
27.0444,open,21-05-2024 20:07:40
27.0444,open,21-05-2024 20:07:41
27.0444,open,21-05-2024 20:07:41
27.51254,open,21-05-2024 20:07:42
27.0444,open,21-05-2024 20:07:42
26.57626,open,21-05-2024 20:07:43
27.0444,open,21-05-2024 20:07:43
26.57626,open,21-05-2024 20:07:44
27.0444,open,21-05-2024 20:07:44
27.51254,open,21-05-2024 20:07:44
27.0444,open,21-05-2024 20:07:45
27.0444,open,21-05-2024 20:07:45
27.0444,open,21-05-2024 20:07:46
27.51254,open,21-05-2024 20:07:46
27.0444,open,21-05-2024 20:07:47
27.0444,open,21-05-2024 20:07:47
27.0444,open,21-05-2024 20:07:48
27.51254,open,21-05-2024 20:07:48
27.0444,open,21-05-2024 20:07:49
27.51254,open,21-05-2024 20:07:49
27.0444,open,21-05-2024 20:07:50
27.0444,open,21-05-2024 20:07:50
27.0444,open,21-05-2024 20:07:51
27.0444,open,21-05-2024 20:07:51
27.51254,open,21-05-2024 20:07:52
27.0444,open,21-05-2024 20:07:52
27.0444,open,21-05-2024 20:07:53
27.0444,open,21-05-2024 20:07:53
27.0444,open,21-05-2024 20:07:54
27.51254,open,21-05-2024 20:07:54
27.0444,open,21-05-2024 20:07:54
27.0444,open,21-05-2024 20:07:55
27.0444,open,21-05-2024 20:07:56
27.51254,open,21-05-2024 20:07:56
27.51254,open,21-05-2024 20:07:57
27.0444,open,21-05-2024 20:07:57
27.0444,open,21-05-2024 20:07:58
27.0444,open,21-05-2024 20:07:58
27.51254,open,21-05-2024 20:07:59
27.0444,open,21-05-2024 20:08:00
27.0444,open,21-05-2024 20:08:01
27.0444,open,21-05-2024 20:08:01
27.0444,open,21-05-2024 20:08:02
27.0444,open,21-05-2024 20:08:02
27.0444,open,21-05-2024 20:08:10
27.0444,open,21-05-2024 20:08:11
27.51254,open,21-05-2024 20:08:11
27.0444,open,21-05-2024 20:08:12
27.0444,open,21-05-2024 20:08:12
27.0444,open,21-05-2024 20:08:13
27.0444,open,21-05-2024 20:08:13
27.0444,open,21-05-2024 20:08:14
27.0444,open,21-05-2024 20:08:15
27.0444,open,21-05-2024 20:08:15
27.0444,open,21-05-2024 20:08:16
27.0444,open,21-05-2024 20:08:16
27.0444,open,21-05-2024 20:08:17
27.0444,open,21-05-2024 20:08:17
27.0444,open,21-05-2024 20:08:18
27.0444,open,21-05-2024 20:08:18
27.0444,open,21-05-2024 20:08:19
27.0444,open,21-05-2024 20:08:19
27.0444,open,21-05-2024 20:08:20
27.0444,open,21-05-2024 20:08:20
27.51254,open,21-05-2024 20:08:21
27.0444,open,21-05-2024 20:08:21
27.0444,open,21-05-2024 20:08:22
27.0444,open,21-05-2024 20:08:22
27.0444,open,21-05-2024 20:08:22
27.51254,open,21-05-2024 20:08:23
27.0444,open,21-05-2024 20:08:23
27.0444,open,21-05-2024 20:08:24
27.0444,open,21-05-2024 20:08:24
27.0444,open,21-05-2024 20:08:25
27.0444,open,21-05-2024 20:08:25
27.0444,open,21-05-2024 20:08:25
27.0444,open,21-05-2024 20:08:26
27.0444,open,21-05-2024 20:08:27
27.0444,open,21-05-2024 20:08:27
27.0444,open,21-05-2024 20:08:28
27.0444,open,21-05-2024 20:08:28
27.0444,open,21-05-2024 20:08:29
27.0444,open,21-05-2024 20:08:29
27.0444,open,21-05-2024 20:08:30
27.0444,open,21-05-2024 20:08:30
27.0444,open,21-05-2024 20:08:30
27.0444,open,21-05-2024 20:08:31
27.0444,open,21-05-2024 20:08:31
27.0444,open,21-05-2024 20:08:32
26.57626,open,21-05-2024 20:08:32
27.0444,open,21-05-2024 20:08:33
27.51254,open,21-05-2024 20:08:33
27.0444,open,21-05-2024 20:08:34
27.0444,open,21-05-2024 20:08:34
27.0444,open,21-05-2024 20:08:35
27.51254,open,21-05-2024 20:08:35
27.0444,open,21-05-2024 20:08:36
27.0444,open,21-05-2024 20:08:36
27.51254,open,21-05-2024 20:08:37
27.51254,open,21-05-2024 20:08:37
27.0444,open,21-05-2024 20:08:37
27.51254,open,21-05-2024 20:08:38
27.0444,open,21-05-2024 20:08:38
27.0444,open,21-05-2024 20:08:39
27.0444,open,21-05-2024 20:08:39
26.57626,open,21-05-2024 20:08:40
27.0444,open,21-05-2024 20:08:40
27.51254,open,21-05-2024 20:08:41
27.0444,open,21-05-2024 20:08:41
27.0444,open,21-05-2024 20:08:42
27.0444,open,21-05-2024 20:08:42
27.0444,open,21-05-2024 20:08:42
27.0444,open,21-05-2024 20:08:43
27.0444,open,21-05-2024 20:08:44
27.0444,open,21-05-2024 20:08:44
27.0444,open,21-05-2024 20:08:45
27.51254,open,21-05-2024 20:08:45
27.0444,open,21-05-2024 20:08:46
27.0444,open,21-05-2024 20:08:46
27.0444,open,21-05-2024 20:08:47
27.0444,open,21-05-2024 20:08:47
27.51254,open,21-05-2024 20:08:48
27.0444,open,21-05-2024 20:08:48
27.51254,open,21-05-2024 20:08:49
27.0444,open,21-05-2024 20:08:49
27.0444,open,21-05-2024 20:08:50
27.0444,open,21-05-2024 20:08:50
27.0444,open,21-05-2024 20:08:51
27.0444,open,21-05-2024 20:08:51
27.0444,open,21-05-2024 20:08:52
27.0444,open,21-05-2024 20:08:52
27.0444,open,21-05-2024 20:08:53
26.57626,open,21-05-2024 20:08:53
27.0444,open,21-05-2024 20:08:54
27.0444,open,21-05-2024 20:08:54
27.0444,open,21-05-2024 20:08:55
27.0444,open,21-05-2024 20:08:55
27.0444,open,21-05-2024 20:08:56
27.0444,open,21-05-2024 20:08:56
27.0444,open,21-05-2024 20:08:57
27.0444,open,21-05-2024 20:08:57
27.0444,open,21-05-2024 20:08:58
27.0444,open,21-05-2024 20:08:58
27.0444,open,21-05-2024 20:08:58
27.0444,open,21-05-2024 20:08:59
27.0444,open,21-05-2024 20:08:59
27.0444,open,21-05-2024 20:09:00
26.57626,open,21-05-2024 20:09:00
27.0444,open,21-05-2024 20:09:01
27.0444,open,21-05-2024 20:09:01
27.0444,open,21-05-2024 20:09:01
27.0444,open,21-05-2024 20:09:02
27.0444,open,21-05-2024 20:09:02
27.0444,open,21-05-2024 20:09:03
27.0444,open,21-05-2024 20:09:03
27.0444,open,21-05-2024 20:09:04
27.0444,open,21-05-2024 20:09:04
27.0444,open,21-05-2024 20:09:05
27.0444,open,21-05-2024 20:09:05
27.0444,open,21-05-2024 20:09:06
27.0444,open,21-05-2024 20:09:06
27.0444,open,21-05-2024 20:09:06
27.0444,open,21-05-2024 20:09:07
27.0444,open,21-05-2024 20:09:07
27.0444,open,21-05-2024 20:09:08
27.0444,open,21-05-2024 20:09:08
27.0444,open,21-05-2024 20:09:09
27.0444,open,21-05-2024 20:09:09
27.0444,open,21-05-2024 20:09:10
27.0444,open,21-05-2024 20:09:10
27.51254,open,21-05-2024 20:09:11
27.0444,open,21-05-2024 20:09:11
27.0444,open,21-05-2024 20:09:11
27.0444,open,21-05-2024 20:09:12
27.0444,open,21-05-2024 20:09:12
27.0444,open,21-05-2024 20:09:13
27.0444,open,21-05-2024 20:09:13
27.0444,open,21-05-2024 20:09:13
27.51254,open,21-05-2024 20:09:14
27.0444,open,21-05-2024 20:09:14
27.0444,open,21-05-2024 20:09:15
27.0444,open,21-05-2024 20:09:15
27.0444,open,21-05-2024 20:09:16
27.0444,open,21-05-2024 20:09:16
27.0444,open,21-05-2024 20:09:17
27.0444,open,21-05-2024 20:09:17
27.0444,open,21-05-2024 20:09:17
27.0444,open,21-05-2024 20:09:18
27.0444,open,21-05-2024 20:09:18
27.0444,open,21-05-2024 20:09:19
27.0444,open,21-05-2024 20:09:19
27.0444,open,21-05-2024 20:09:20
27.51254,open,21-05-2024 20:09:20
27.0444,open,21-05-2024 20:09:21
27.0444,open,21-05-2024 20:09:22
27.0444,open,21-05-2024 20:09:22
27.0444,open,21-05-2024 20:09:22
27.0444,open,21-05-2024 20:09:23
27.0444,open,21-05-2024 20:09:23
27.0444,open,21-05-2024 20:09:24
27.51254,open,21-05-2024 20:09:24
27.0444,open,21-05-2024 20:09:24
27.0444,open,21-05-2024 20:09:25
27.0444,open,21-05-2024 20:09:25
27.0444,open,21-05-2024 20:09:26
27.0444,open,21-05-2024 20:09:26
27.0444,open,21-05-2024 20:09:27
27.0444,open,21-05-2024 20:09:27
27.0444,open,21-05-2024 20:09:28
27.0444,open,21-05-2024 20:09:28
27.0444,open,21-05-2024 20:09:28
27.0444,open,21-05-2024 20:09:29
27.0444,open,21-05-2024 20:09:29
27.0444,open,21-05-2024 20:09:30
27.0444,open,21-05-2024 20:09:30
27.51254,open,21-05-2024 20:09:31
27.0444,open,21-05-2024 20:09:31
27.0444,open,21-05-2024 20:09:31
27.51254,open,21-05-2024 20:09:32
27.0444,open,21-05-2024 20:09:32
27.0444,open,21-05-2024 20:09:33
27.0444,open,21-05-2024 20:09:33
27.0444,open,21-05-2024 20:09:34
27.0444,open,21-05-2024 20:09:34
27.0444,open,21-05-2024 20:09:34
27.0444,open,21-05-2024 20:09:35
27.0444,open,21-05-2024 20:09:36
27.0444,open,21-05-2024 20:09:36
27.0444,open,21-05-2024 20:09:36
27.0444,open,21-05-2024 20:09:37
27.51254,open,21-05-2024 20:09:37
27.0444,open,21-05-2024 20:09:38
27.51254,open,21-05-2024 20:09:38
27.0444,open,21-05-2024 20:09:39
27.0444,open,21-05-2024 20:09:39
27.0444,open,21-05-2024 20:09:40
27.51254,open,21-05-2024 20:09:40
27.0444,open,21-05-2024 20:09:41
27.0444,open,21-05-2024 20:09:41
27.0444,open,21-05-2024 20:09:41
27.0444,open,21-05-2024 20:09:42
27.51254,open,21-05-2024 20:09:42
27.0444,open,21-05-2024 20:09:43
27.51254,open,21-05-2024 20:09:43
27.0444,open,21-05-2024 20:09:44
27.0444,open,21-05-2024 20:09:44
27.51254,open,21-05-2024 20:09:44
27.0444,open,21-05-2024 20:09:45
27.0444,open,21-05-2024 20:09:45
27.0444,open,21-05-2024 20:09:46
27.0444,open,21-05-2024 20:09:46
27.0444,open,21-05-2024 20:09:46
26.57626,open,21-05-2024 20:09:47
27.0444,open,21-05-2024 20:09:47
27.0444,open,21-05-2024 20:09:48
27.0444,open,21-05-2024 20:09:48
27.0444,open,21-05-2024 20:09:49
27.0444,open,21-05-2024 20:09:49
27.0444,open,21-05-2024 20:09:49
27.0444,open,21-05-2024 20:09:50
27.0444,open,21-05-2024 20:09:50
27.0444,open,21-05-2024 20:09:51
27.0444,open,21-05-2024 20:09:51
27.0444,open,21-05-2024 20:09:52
27.0444,open,21-05-2024 20:09:52
27.0444,open,21-05-2024 20:09:52
27.0444,open,21-05-2024 20:09:53
27.0444,open,21-05-2024 20:09:53
27.0444,open,21-05-2024 20:09:54
27.0444,open,21-05-2024 20:09:54
27.0444,open,21-05-2024 20:09:55
27.0444,open,21-05-2024 20:09:55
27.0444,open,21-05-2024 20:09:55
27.0444,open,21-05-2024 20:09:56
27.51254,open,21-05-2024 20:09:56
27.0444,open,21-05-2024 20:09:57
27.0444,open,21-05-2024 20:09:57
27.0444,open,21-05-2024 20:09:57
27.0444,open,21-05-2024 20:09:58
27.51254,open,21-05-2024 20:09:58
27.0444,open,21-05-2024 20:09:59
27.51254,open,21-05-2024 20:09:59
27.0444,open,21-05-2024 20:10:00
27.0444,open,21-05-2024 20:10:00
27.0444,open,21-05-2024 20:10:01
27.0444,open,21-05-2024 20:10:01
27.0444,open,21-05-2024 20:10:02
27.0444,open,21-05-2024 20:10:02
27.0444,open,21-05-2024 20:10:03
27.0444,open,21-05-2024 20:10:03
27.0444,open,21-05-2024 20:10:04
27.0444,open,21-05-2024 20:10:04
27.0444,open,21-05-2024 20:10:04
27.0444,open,21-05-2024 20:10:05
27.0444,open,21-05-2024 20:10:05
27.0444,open,21-05-2024 20:10:06
27.0444,open,21-05-2024 20:10:06
27.0444,open,21-05-2024 20:10:07
27.0444,open,21-05-2024 20:10:07
27.0444,open,21-05-2024 20:10:07
27.0444,open,21-05-2024 20:10:08
27.0444,open,21-05-2024 20:10:08
27.0444,open,21-05-2024 20:10:09
27.0444,open,21-05-2024 20:10:09
27.0444,open,21-05-2024 20:10:10
27.0444,open,21-05-2024 20:10:11
27.0444,open,21-05-2024 20:10:11
27.0444,open,21-05-2024 20:10:11
27.51254,open,21-05-2024 20:10:12
27.0444,open,21-05-2024 20:10:12
27.0444,open,21-05-2024 20:10:13
27.0444,open,21-05-2024 20:10:13
27.0444,open,21-05-2024 20:10:13
27.51254,open,21-05-2024 20:10:14
27.0444,open,21-05-2024 20:10:14
27.0444,open,21-05-2024 20:10:15
27.0444,open,21-05-2024 20:10:15
27.51254,open,21-05-2024 20:10:16
27.51254,open,21-05-2024 20:10:16
27.0444,open,21-05-2024 20:10:17
27.0444,open,21-05-2024 20:10:17
27.0444,open,21-05-2024 20:10:18
27.0444,open,21-05-2024 20:10:18
27.0444,open,21-05-2024 20:10:18
27.0444,open,21-05-2024 20:10:19
27.0444,open,21-05-2024 20:10:19
27.0444,open,21-05-2024 20:10:20
27.0444,open,21-05-2024 20:10:20
27.0444,open,21-05-2024 20:10:21
27.0444,open,21-05-2024 20:10:21
27.0444,open,21-05-2024 20:10:22
27.0444,open,21-05-2024 20:10:22
27.0444,open,21-05-2024 20:10:23
27.0444,open,21-05-2024 20:10:23
27.0444,open,21-05-2024 20:10:23
27.0444,open,21-05-2024 20:10:24
27.0444,open,21-05-2024 20:10:24
27.0444,open,21-05-2024 20:10:25
27.0444,open,21-05-2024 20:10:25
27.0444,open,21-05-2024 20:10:26
27.0444,open,21-05-2024 20:10:26
27.0444,open,21-05-2024 20:10:27
27.0444,open,21-05-2024 20:10:27
27.0444,open,21-05-2024 20:10:28
27.0444,open,21-05-2024 20:10:28
27.0444,open,21-05-2024 20:10:28
27.0444,open,21-05-2024 20:10:29
27.51254,open,21-05-2024 20:10:29
27.0444,open,21-05-2024 20:10:30
27.51254,open,21-05-2024 20:10:31
27.0444,open,21-05-2024 20:10:31
27.0444,open,21-05-2024 20:10:32
27.0444,open,21-05-2024 20:10:32
27.0444,open,21-05-2024 20:10:33
27.0444,open,21-05-2024 20:10:34
27.0444,open,21-05-2024 20:10:35
27.0444,open,21-05-2024 20:10:35
27.0444,open,21-05-2024 20:10:35
27.0444,open,21-05-2024 20:10:36
27.0444,open,21-05-2024 20:10:36
27.51254,open,21-05-2024 20:10:37
27.0444,open,21-05-2024 20:10:37
27.0444,open,21-05-2024 20:10:38
27.0444,open,21-05-2024 20:10:38
27.0444,open,21-05-2024 20:10:39
27.0444,open,21-05-2024 20:10:39
27.0444,open,21-05-2024 20:10:40
27.0444,open,21-05-2024 20:10:40
27.0444,open,21-05-2024 20:10:40
27.0444,open,21-05-2024 20:10:41
27.0444,open,21-05-2024 20:10:41
27.0444,open,21-05-2024 20:10:42
27.0444,open,21-05-2024 20:10:42
27.0444,open,21-05-2024 20:10:42
27.0444,open,21-05-2024 20:10:43
26.57626,open,21-05-2024 20:10:43
27.0444,open,21-05-2024 20:10:44
27.0444,open,21-05-2024 20:10:44
27.0444,open,21-05-2024 20:10:44
27.0444,open,21-05-2024 20:10:45
27.51254,open,21-05-2024 20:10:45
27.0444,open,21-05-2024 20:10:46
27.0444,open,21-05-2024 20:10:46
27.0444,open,21-05-2024 20:10:47
27.0444,open,21-05-2024 20:10:47
27.0444,open,21-05-2024 20:10:47
27.0444,open,21-05-2024 20:10:48
27.0444,open,21-05-2024 20:10:48
27.0444,open,21-05-2024 20:10:49
26.57626,open,21-05-2024 20:10:49
27.0444,open,21-05-2024 20:10:50
27.0444,open,21-05-2024 20:10:51
27.0444,open,21-05-2024 20:10:51
26.57626,open,21-05-2024 20:10:51
27.0444,open,21-05-2024 20:10:52
27.0444,open,21-05-2024 20:10:52
27.0444,open,21-05-2024 20:10:53
27.0444,open,21-05-2024 20:10:53
27.0444,open,21-05-2024 20:10:53
27.0444,open,21-05-2024 20:10:54
27.0444,open,21-05-2024 20:10:55
26.57626,open,21-05-2024 20:10:55
27.0444,open,21-05-2024 20:10:56
27.0444,open,21-05-2024 20:10:56
27.0444,open,21-05-2024 20:10:57
27.0444,open,21-05-2024 20:10:57
27.0444,open,21-05-2024 20:10:58
27.0444,open,21-05-2024 20:10:58
27.0444,open,21-05-2024 20:10:59
27.0444,open,21-05-2024 20:10:59
27.0444,open,21-05-2024 20:11:00
27.0444,open,21-05-2024 20:11:00
27.0444,open,21-05-2024 20:11:01
27.0444,open,21-05-2024 20:11:01
25.63997,closed,21-05-2024 23:47:42
28.44887,closed,21-05-2024 23:47:43
28.44887,closed,21-05-2024 23:47:43
28.91698,closed,21-05-2024 23:47:44
28.44887,closed,21-05-2024 23:47:44
28.44887,closed,21-05-2024 23:47:45
28.44887,closed,21-05-2024 23:47:45
28.44887,closed,21-05-2024 23:47:46
28.44887,closed,21-05-2024 23:47:46
28.44887,closed,21-05-2024 23:47:46
28.44887,closed,21-05-2024 23:47:47
28.44887,closed,21-05-2024 23:47:47
28.44887,closed,21-05-2024 23:47:48
28.91698,closed,21-05-2024 23:47:48
28.44887,closed,21-05-2024 23:47:49
28.44887,closed,21-05-2024 23:47:49
28.44887,closed,21-05-2024 23:47:50
28.44887,closed,21-05-2024 23:47:50
28.44887,closed,21-05-2024 23:47:51
28.44887,closed,21-05-2024 23:47:51
28.44887,closed,21-05-2024 23:47:51
28.91698,closed,21-05-2024 23:47:52
28.44887,closed,21-05-2024 23:47:52
28.44887,closed,21-05-2024 23:47:53
28.91698,closed,21-05-2024 23:47:53
28.44887,closed,21-05-2024 23:47:54
28.44887,closed,21-05-2024 23:47:54
28.44887,closed,21-05-2024 23:47:55
28.44887,closed,21-05-2024 23:47:55
28.44887,closed,21-05-2024 23:47:56
28.44887,closed,21-05-2024 23:47:56
28.44887,closed,21-05-2024 23:47:57
28.44887,closed,21-05-2024 23:47:57
28.44887,closed,21-05-2024 23:47:57
28.44887,closed,21-05-2024 23:47:58
28.91698,closed,21-05-2024 23:47:59
28.44887,closed,21-05-2024 23:47:59
28.91698,closed,21-05-2024 23:47:59
28.91698,closed,21-05-2024 23:48:00
28.44887,closed,21-05-2024 23:48:01
28.44887,closed,21-05-2024 23:48:01
28.91698,closed,21-05-2024 23:48:01
28.44887,closed,21-05-2024 23:48:02
28.91698,closed,21-05-2024 23:48:02
28.44887,closed,21-05-2024 23:48:03
28.44887,closed,21-05-2024 23:48:03
28.44887,closed,21-05-2024 23:48:04
28.91698,closed,21-05-2024 23:48:04
28.44887,closed,21-05-2024 23:48:05
28.91698,closed,21-05-2024 23:48:05
28.44887,closed,21-05-2024 23:48:06
28.44887,closed,21-05-2024 23:48:06
28.44887,closed,21-05-2024 23:48:07
28.44887,closed,21-05-2024 23:48:07
28.44887,closed,21-05-2024 23:48:08
28.44887,closed,21-05-2024 23:48:08
28.44887,closed,21-05-2024 23:48:09
28.91698,closed,21-05-2024 23:48:09
28.44887,closed,21-05-2024 23:48:10
28.44887,closed,21-05-2024 23:48:10
28.44887,closed,21-05-2024 23:48:11
28.44887,closed,21-05-2024 23:48:11
28.44887,closed,21-05-2024 23:48:12
28.44887,closed,21-05-2024 23:48:12
28.91698,closed,21-05-2024 23:48:13
28.91698,closed,21-05-2024 23:48:13
28.44887,closed,21-05-2024 23:48:14
28.44887,closed,21-05-2024 23:48:16
28.44887,closed,21-05-2024 23:48:17
28.44887,closed,21-05-2024 23:48:17
28.44887,closed,21-05-2024 23:48:18
28.44887,closed,21-05-2024 23:48:18
28.91698,closed,21-05-2024 23:48:19
28.44887,closed,21-05-2024 23:48:19
28.44887,closed,21-05-2024 23:48:19
28.44887,closed,21-05-2024 23:48:20
28.91698,closed,21-05-2024 23:48:20
28.44887,closed,21-05-2024 23:48:21
28.44887,closed,21-05-2024 23:48:21
28.91698,closed,21-05-2024 23:48:22
28.91698,closed,21-05-2024 23:48:22
28.44887,closed,21-05-2024 23:48:23
28.44887,closed,21-05-2024 23:48:23
28.44887,closed,21-05-2024 23:48:24
28.91698,closed,21-05-2024 23:48:24
28.44887,closed,21-05-2024 23:48:25
28.91698,closed,21-05-2024 23:48:25
28.91698,closed,21-05-2024 23:48:26
27.98069,closed,21-05-2024 23:48:26
28.44887,closed,21-05-2024 23:48:27
28.91698,closed,21-05-2024 23:48:27
28.91698,closed,21-05-2024 23:48:27
28.91698,closed,21-05-2024 23:48:28
28.44887,closed,21-05-2024 23:48:28
28.91698,closed,21-05-2024 23:48:29
28.44887,closed,21-05-2024 23:48:29
28.44887,closed,21-05-2024 23:48:30
28.91698,closed,21-05-2024 23:48:30
28.91698,closed,21-05-2024 23:48:31
28.44887,closed,21-05-2024 23:48:32
28.44887,closed,21-05-2024 23:48:32
28.44887,closed,21-05-2024 23:48:32
28.91698,closed,21-05-2024 23:48:33
28.44887,closed,21-05-2024 23:48:33
28.44887,closed,21-05-2024 23:48:34
28.44887,closed,21-05-2024 23:48:34
28.44887,closed,21-05-2024 23:48:35
28.91698,closed,21-05-2024 23:48:35
28.91698,closed,21-05-2024 23:48:35
28.91698,closed,21-05-2024 23:48:36
28.44887,closed,21-05-2024 23:48:36
28.44887,closed,21-05-2024 23:48:37
28.44887,closed,21-05-2024 23:48:37
28.91698,closed,21-05-2024 23:48:38
28.44887,closed,21-05-2024 23:48:38
28.44887,closed,21-05-2024 23:48:39
28.91698,closed,21-05-2024 23:48:39
28.44887,closed,21-05-2024 23:48:39
28.44887,closed,21-05-2024 23:48:40
28.91698,closed,21-05-2024 23:48:40
28.44887,closed,21-05-2024 23:48:41
28.44887,closed,21-05-2024 23:48:42
28.91698,closed,21-05-2024 23:48:42
28.44887,closed,21-05-2024 23:48:42
28.91698,closed,21-05-2024 23:48:43
28.44887,closed,21-05-2024 23:48:44
28.44887,closed,21-05-2024 23:48:44
28.44887,closed,21-05-2024 23:48:45
28.91698,closed,21-05-2024 23:48:45
28.44887,closed,21-05-2024 23:48:45
28.44887,closed,21-05-2024 23:48:46
28.44887,closed,21-05-2024 23:48:46
28.44887,closed,21-05-2024 23:48:47
28.44887,closed,21-05-2024 23:48:47
28.91698,closed,21-05-2024 23:48:48
28.91698,closed,21-05-2024 23:48:48
28.44887,closed,21-05-2024 23:48:49
28.91698,closed,21-05-2024 23:48:49
28.44887,closed,21-05-2024 23:48:50
28.44887,closed,21-05-2024 23:48:50
28.44887,closed,21-05-2024 23:48:51
28.44887,closed,21-05-2024 23:48:51
28.91698,closed,21-05-2024 23:48:52
28.91698,closed,21-05-2024 23:48:52
28.44887,closed,21-05-2024 23:48:53
28.44887,closed,21-05-2024 23:48:53
28.91698,closed,21-05-2024 23:48:54
27.98069,closed,21-05-2024 23:48:54
28.44887,closed,21-05-2024 23:48:55
28.44887,closed,21-05-2024 23:48:55
28.44887,closed,21-05-2024 23:48:56
28.44887,closed,21-05-2024 23:48:56
28.91698,closed,21-05-2024 23:48:57
28.91698,closed,21-05-2024 23:48:57
28.91698,closed,21-05-2024 23:48:58
28.91698,closed,21-05-2024 23:48:58
28.91698,closed,21-05-2024 23:48:59
28.91698,closed,21-05-2024 23:48:59
28.44887,closed,21-05-2024 23:49:00
28.44887,closed,21-05-2024 23:49:00
28.91698,closed,21-05-2024 23:49:01
28.91698,closed,21-05-2024 23:49:01
28.91698,closed,21-05-2024 23:49:02
28.91698,closed,21-05-2024 23:49:03
28.44887,closed,21-05-2024 23:49:03
28.44887,closed,21-05-2024 23:49:04
28.91698,closed,21-05-2024 23:49:04
28.44887,closed,21-05-2024 23:49:05
28.44887,closed,21-05-2024 23:49:05
28.91698,closed,21-05-2024 23:49:05
28.44887,closed,21-05-2024 23:49:06
28.91698,closed,21-05-2024 23:49:06
28.91698,closed,21-05-2024 23:49:07
28.44887,closed,21-05-2024 23:49:07
28.91698,closed,21-05-2024 23:49:08
28.91698,closed,21-05-2024 23:49:08
28.91698,closed,21-05-2024 23:49:09
28.91698,closed,21-05-2024 23:49:09
28.91698,closed,21-05-2024 23:49:09
28.91698,closed,21-05-2024 23:49:10
28.91698,closed,21-05-2024 23:49:10
28.91698,closed,21-05-2024 23:49:11
28.91698,closed,21-05-2024 23:49:11
28.44887,closed,21-05-2024 23:49:12
28.44887,closed,21-05-2024 23:49:12
28.44887,closed,21-05-2024 23:49:12
28.91698,closed,21-05-2024 23:49:13
28.91698,closed,21-05-2024 23:49:13
28.44887,closed,21-05-2024 23:49:14
28.44887,closed,21-05-2024 23:49:14
28.91698,closed,21-05-2024 23:49:15
28.44887,closed,21-05-2024 23:49:15
28.91698,closed,21-05-2024 23:49:15
28.44887,closed,21-05-2024 23:49:16
28.91698,closed,21-05-2024 23:49:17
28.91698,closed,21-05-2024 23:49:17
28.44887,closed,21-05-2024 23:49:18
28.91698,closed,21-05-2024 23:49:18
28.44887,closed,21-05-2024 23:49:19
28.91698,closed,21-05-2024 23:49:19
28.44887,closed,21-05-2024 23:49:20
28.91698,closed,21-05-2024 23:49:20
28.44887,closed,21-05-2024 23:49:20
28.44887,closed,21-05-2024 23:49:21
28.91698,closed,21-05-2024 23:49:21
28.44887,closed,21-05-2024 23:49:22
28.44887,closed,21-05-2024 23:49:22
28.91698,closed,21-05-2024 23:49:22
28.91698,closed,21-05-2024 23:49:23
28.91698,closed,21-05-2024 23:49:23
28.91698,closed,21-05-2024 23:49:24
28.44887,closed,21-05-2024 23:49:24
28.44887,closed,21-05-2024 23:49:25
28.91698,closed,21-05-2024 23:49:25
28.44887,closed,21-05-2024 23:49:26
28.91698,closed,21-05-2024 23:49:26
28.44887,closed,21-05-2024 23:49:27
28.91698,closed,21-05-2024 23:49:27
28.91698,closed,21-05-2024 23:49:28
28.44887,closed,21-05-2024 23:49:28
28.91698,closed,21-05-2024 23:49:28
28.91698,closed,21-05-2024 23:49:29
28.91698,closed,21-05-2024 23:49:29
28.91698,closed,21-05-2024 23:49:30
28.44887,closed,21-05-2024 23:49:30
28.44887,closed,21-05-2024 23:49:31
28.91698,closed,21-05-2024 23:49:31
28.91698,closed,21-05-2024 23:49:32
28.44887,closed,21-05-2024 23:49:32
28.91698,closed,21-05-2024 23:49:35
28.91698,closed,21-05-2024 23:49:35
28.91698,closed,21-05-2024 23:49:36
28.91698,closed,21-05-2024 23:49:36
28.91698,closed,21-05-2024 23:49:37
28.91698,closed,21-05-2024 23:49:37
28.44887,closed,21-05-2024 23:49:37
28.91698,closed,21-05-2024 23:49:38
28.91698,closed,21-05-2024 23:49:39
28.44887,closed,21-05-2024 23:49:39
28.91698,closed,21-05-2024 23:49:40
28.91698,closed,21-05-2024 23:49:40
28.91698,closed,21-05-2024 23:49:41
28.91698,closed,21-05-2024 23:49:41
28.91698,closed,21-05-2024 23:49:42
28.91698,closed,21-05-2024 23:49:42
28.44887,closed,21-05-2024 23:49:42
28.91698,closed,21-05-2024 23:49:43
28.91698,closed,21-05-2024 23:49:43
28.44887,closed,21-05-2024 23:49:44
28.91698,closed,21-05-2024 23:49:44
28.91698,closed,21-05-2024 23:49:45
28.91698,closed,21-05-2024 23:49:45
28.44887,closed,21-05-2024 23:49:46
28.91698,closed,21-05-2024 23:49:46
28.91698,closed,21-05-2024 23:49:47
28.44887,closed,21-05-2024 23:49:47
28.91698,closed,21-05-2024 23:49:48
28.91698,closed,21-05-2024 23:49:48
29.38512,closed,21-05-2024 23:49:49
28.44887,closed,21-05-2024 23:49:49
28.91698,closed,21-05-2024 23:49:50
28.91698,closed,21-05-2024 23:49:50
28.91698,closed,21-05-2024 23:49:51
28.91698,closed,21-05-2024 23:49:51
28.91698,closed,21-05-2024 23:49:52
28.91698,closed,21-05-2024 23:49:52
28.44887,closed,21-05-2024 23:49:52
28.91698,closed,21-05-2024 23:49:53
28.91698,closed,21-05-2024 23:49:53
28.91698,closed,21-05-2024 23:49:54
28.44887,closed,21-05-2024 23:49:54
28.91698,closed,21-05-2024 23:49:55
28.91698,closed,21-05-2024 23:49:55
28.91698,closed,21-05-2024 23:49:56
28.44887,closed,21-05-2024 23:49:57
28.91698,closed,21-05-2024 23:49:57
28.91698,closed,21-05-2024 23:49:57
28.91698,closed,21-05-2024 23:49:58
28.91698,closed,21-05-2024 23:49:58
28.44887,closed,21-05-2024 23:49:59
28.91698,closed,21-05-2024 23:49:59
28.91698,closed,21-05-2024 23:50:00
28.44887,closed,21-05-2024 23:50:00
28.44887,closed,21-05-2024 23:50:01
28.91698,closed,21-05-2024 23:50:01
28.91698,closed,21-05-2024 23:50:02
28.91698,closed,21-05-2024 23:50:02
28.91698,closed,21-05-2024 23:50:02
28.91698,closed,21-05-2024 23:50:03
28.44887,closed,21-05-2024 23:50:03
28.44887,closed,21-05-2024 23:50:04
28.91698,closed,21-05-2024 23:50:04
28.44887,closed,21-05-2024 23:50:05
28.91698,closed,21-05-2024 23:50:05
28.91698,closed,21-05-2024 23:50:06
28.91698,closed,21-05-2024 23:50:06
28.91698,closed,21-05-2024 23:50:07
28.91698,closed,21-05-2024 23:50:07
28.44887,closed,21-05-2024 23:50:08
28.44887,closed,21-05-2024 23:50:08
28.91698,closed,21-05-2024 23:50:08
28.91698,closed,21-05-2024 23:50:09
28.91698,closed,21-05-2024 23:50:09
28.91698,closed,21-05-2024 23:50:10
28.91698,closed,21-05-2024 23:50:10
28.91698,closed,21-05-2024 23:50:11
28.91698,closed,21-05-2024 23:50:11
28.44887,closed,21-05-2024 23:50:12
28.91698,closed,21-05-2024 23:50:12
28.91698,closed,21-05-2024 23:50:13
28.91698,closed,21-05-2024 23:50:13
28.91698,closed,21-05-2024 23:50:14
28.44887,closed,21-05-2024 23:50:14
28.91698,closed,21-05-2024 23:50:15
28.91698,closed,21-05-2024 23:50:15
28.44887,closed,21-05-2024 23:50:16
28.91698,closed,21-05-2024 23:50:16
28.91698,closed,21-05-2024 23:50:17
28.91698,closed,21-05-2024 23:50:17
28.91698,closed,21-05-2024 23:50:18
28.91698,closed,21-05-2024 23:50:18
28.44887,closed,21-05-2024 23:50:19
28.91698,closed,21-05-2024 23:50:19
28.91698,closed,21-05-2024 23:50:20
28.91698,closed,21-05-2024 23:50:20
28.91698,closed,21-05-2024 23:50:21
28.44887,closed,21-05-2024 23:50:21
28.91698,closed,21-05-2024 23:50:22
28.91698,closed,21-05-2024 23:50:23
28.91698,closed,21-05-2024 23:50:23
28.91698,closed,21-05-2024 23:50:23
28.91698,closed,21-05-2024 23:50:24
28.91698,closed,21-05-2024 23:50:24
28.91698,closed,21-05-2024 23:50:25
28.44887,closed,21-05-2024 23:50:25
28.91698,closed,21-05-2024 23:50:25
28.91698,closed,21-05-2024 23:50:26
28.91698,closed,21-05-2024 23:50:26
28.44887,closed,21-05-2024 23:50:27
28.44887,closed,21-05-2024 23:50:28
28.91698,closed,21-05-2024 23:50:28
28.91698,closed,21-05-2024 23:50:29
28.44887,closed,21-05-2024 23:50:29
28.91698,closed,21-05-2024 23:50:29
28.91698,closed,21-05-2024 23:50:30
28.91698,closed,21-05-2024 23:50:30
28.91698,closed,21-05-2024 23:50:31
28.91698,closed,21-05-2024 23:50:31
28.91698,closed,21-05-2024 23:50:32
28.91698,closed,21-05-2024 23:50:32
29.38512,closed,21-05-2024 23:50:33
28.44887,closed,21-05-2024 23:50:33
28.91698,closed,21-05-2024 23:50:34
28.91698,closed,21-05-2024 23:50:34
28.91698,closed,21-05-2024 23:50:35
28.91698,closed,21-05-2024 23:50:35
28.91698,closed,21-05-2024 23:50:36
28.91698,closed,21-05-2024 23:50:36
28.44887,closed,21-05-2024 23:50:36
28.91698,closed,21-05-2024 23:50:37
28.91698,closed,21-05-2024 23:50:37
28.91698,closed,21-05-2024 23:50:38
28.91698,closed,21-05-2024 23:50:38
28.44887,closed,21-05-2024 23:50:39
28.91698,closed,21-05-2024 23:50:39
28.91698,closed,21-05-2024 23:50:40
28.91698,closed,21-05-2024 23:50:40
28.91698,closed,21-05-2024 23:50:41
28.44887,closed,21-05-2024 23:50:41
29.38512,closed,21-05-2024 23:50:42
28.91698,closed,21-05-2024 23:50:42
28.91698,closed,21-05-2024 23:50:43
28.91698,closed,21-05-2024 23:50:43
28.44887,closed,21-05-2024 23:50:44
28.44887,closed,21-05-2024 23:50:44
28.44887,closed,21-05-2024 23:50:45
28.91698,closed,21-05-2024 23:50:45
28.91698,closed,21-05-2024 23:50:46
28.44887,closed,21-05-2024 23:50:46
28.91698,closed,21-05-2024 23:50:47
28.91698,closed,21-05-2024 23:50:47
28.91698,closed,21-05-2024 23:50:48
28.91698,closed,21-05-2024 23:50:48
28.91698,closed,21-05-2024 23:50:48
28.91698,closed,21-05-2024 23:50:49
28.44887,closed,21-05-2024 23:50:50
28.91698,closed,21-05-2024 23:50:50
28.91698,closed,21-05-2024 23:50:50
28.91698,closed,21-05-2024 23:50:51
28.91698,closed,21-05-2024 23:50:51
28.91698,closed,21-05-2024 23:50:52
28.91698,closed,21-05-2024 23:50:52
28.91698,closed,21-05-2024 23:50:52
28.91698,closed,21-05-2024 23:50:53
28.91698,closed,21-05-2024 23:50:53
28.91698,closed,21-05-2024 23:50:54
28.91698,closed,21-05-2024 23:50:54
28.91698,closed,21-05-2024 23:50:55
28.91698,closed,21-05-2024 23:50:55
28.91698,closed,21-05-2024 23:50:56
28.91698,closed,21-05-2024 23:50:56
29.38512,closed,21-05-2024 23:50:57
28.91698,closed,21-05-2024 23:50:57
28.44887,closed,21-05-2024 23:50:58
28.91698,closed,21-05-2024 23:50:58
28.91698,closed,21-05-2024 23:50:59
28.91698,closed,21-05-2024 23:50:59
28.91698,closed,21-05-2024 23:51:00
28.91698,closed,21-05-2024 23:51:00
28.44887,closed,21-05-2024 23:51:01
28.91698,closed,21-05-2024 23:51:01
28.91698,closed,21-05-2024 23:51:01
28.91698,closed,21-05-2024 23:51:02
28.91698,closed,21-05-2024 23:51:03
28.91698,closed,21-05-2024 23:51:03
28.91698,closed,21-05-2024 23:51:03
28.91698,closed,21-05-2024 23:51:04
28.91698,closed,21-05-2024 23:51:04
28.91698,closed,21-05-2024 23:51:05
28.44887,closed,21-05-2024 23:51:05
28.44887,closed,21-05-2024 23:51:06
28.91698,closed,21-05-2024 23:51:06
28.91698,closed,21-05-2024 23:51:07
28.91698,closed,21-05-2024 23:51:07
28.44887,closed,21-05-2024 23:51:08
28.91698,closed,21-05-2024 23:51:08
28.91698,closed,21-05-2024 23:51:09
28.91698,closed,21-05-2024 23:51:09
28.91698,closed,21-05-2024 23:51:10
28.91698,closed,21-05-2024 23:51:10
28.91698,closed,21-05-2024 23:51:11
28.91698,closed,21-05-2024 23:51:11
28.91698,closed,21-05-2024 23:51:11
28.91698,closed,21-05-2024 23:51:12
28.91698,closed,21-05-2024 23:51:13
28.91698,closed,21-05-2024 23:51:13
28.91698,closed,21-05-2024 23:51:13
28.91698,closed,21-05-2024 23:51:14
29.38512,closed,21-05-2024 23:51:14
28.91698,closed,21-05-2024 23:51:15
28.91698,closed,21-05-2024 23:51:15
29.38512,closed,21-05-2024 23:51:16
28.91698,closed,21-05-2024 23:51:16
28.91698,closed,21-05-2024 23:51:17
28.91698,closed,21-05-2024 23:51:17
28.91698,closed,21-05-2024 23:51:18
28.91698,closed,21-05-2024 23:51:18
28.91698,closed,21-05-2024 23:51:19
28.44887,closed,21-05-2024 23:51:19
28.91698,closed,21-05-2024 23:51:20
28.91698,closed,21-05-2024 23:51:20
28.91698,closed,21-05-2024 23:51:21
28.91698,closed,21-05-2024 23:51:21
28.91698,closed,21-05-2024 23:51:21
28.91698,closed,21-05-2024 23:51:22
28.91698,closed,21-05-2024 23:51:22
28.44887,closed,21-05-2024 23:51:23
28.91698,closed,21-05-2024 23:51:23
28.91698,closed,21-05-2024 23:51:24
28.91698,closed,21-05-2024 23:51:24
28.91698,closed,21-05-2024 23:51:25
28.91698,closed,21-05-2024 23:51:25
28.91698,closed,21-05-2024 23:51:25
28.91698,closed,21-05-2024 23:51:26
28.91698,closed,21-05-2024 23:51:26
28.91698,closed,21-05-2024 23:51:27
28.91698,closed,21-05-2024 23:51:27
28.44887,closed,21-05-2024 23:51:28
28.91698,closed,21-05-2024 23:51:28
28.91698,closed,21-05-2024 23:51:29
28.91698,closed,21-05-2024 23:51:29
28.91698,closed,21-05-2024 23:51:29
28.91698,closed,21-05-2024 23:51:30
28.91698,closed,21-05-2024 23:51:30
28.91698,closed,21-05-2024 23:51:31
28.91698,closed,21-05-2024 23:51:31
28.91698,closed,21-05-2024 23:51:32
28.91698,closed,21-05-2024 23:51:32
28.91698,closed,21-05-2024 23:51:33
28.44887,closed,21-05-2024 23:51:33
28.91698,closed,21-05-2024 23:51:33
28.91698,closed,21-05-2024 23:51:34
28.91698,closed,21-05-2024 23:51:34
28.91698,closed,21-05-2024 23:51:35
28.91698,closed,21-05-2024 23:51:35
28.91698,closed,21-05-2024 23:51:36
28.91698,closed,21-05-2024 23:51:36
28.91698,closed,21-05-2024 23:51:36
28.91698,closed,21-05-2024 23:51:37
28.91698,closed,21-05-2024 23:51:38
28.91698,closed,21-05-2024 23:51:38
28.91698,closed,21-05-2024 23:51:39
28.91698,closed,21-05-2024 23:51:39
28.91698,closed,21-05-2024 23:51:40
28.91698,closed,21-05-2024 23:51:40
28.91698,closed,21-05-2024 23:51:41
28.91698,closed,21-05-2024 23:51:41
28.44887,closed,21-05-2024 23:51:41
28.44887,closed,21-05-2024 23:51:42
28.91698,closed,21-05-2024 23:51:43
28.44887,closed,21-05-2024 23:51:43
28.44887,closed,21-05-2024 23:51:43
28.91698,closed,21-05-2024 23:51:44
28.91698,closed,21-05-2024 23:51:44
28.91698,closed,21-05-2024 23:51:45
28.91698,closed,21-05-2024 23:51:45
28.91698,closed,21-05-2024 23:51:46
28.91698,closed,21-05-2024 23:51:46
28.91698,closed,21-05-2024 23:51:47
28.91698,closed,21-05-2024 23:51:47
28.91698,closed,21-05-2024 23:51:48
28.44887,closed,21-05-2024 23:51:48
28.91698,closed,21-05-2024 23:51:49
28.91698,closed,21-05-2024 23:51:49
28.91698,closed,21-05-2024 23:51:50
28.91698,closed,21-05-2024 23:51:50
28.91698,closed,21-05-2024 23:51:51
28.91698,closed,21-05-2024 23:51:51
28.91698,closed,21-05-2024 23:51:51
28.91698,closed,21-05-2024 23:51:52
28.91698,closed,21-05-2024 23:51:52
28.91698,closed,21-05-2024 23:51:53
28.91698,closed,21-05-2024 23:51:53
28.91698,closed,21-05-2024 23:51:54
28.91698,closed,21-05-2024 23:51:54
28.91698,closed,21-05-2024 23:51:55
28.91698,closed,21-05-2024 23:51:55
28.91698,closed,21-05-2024 23:51:56
29.38512,closed,21-05-2024 23:51:56
28.91698,closed,21-05-2024 23:51:57
28.91698,closed,21-05-2024 23:51:57
28.91698,closed,21-05-2024 23:51:58
28.91698,closed,21-05-2024 23:51:58
28.91698,closed,21-05-2024 23:51:59
28.91698,closed,21-05-2024 23:51:59
28.91698,closed,21-05-2024 23:52:00
28.91698,closed,21-05-2024 23:52:00
28.91698,closed,21-05-2024 23:52:01
28.91698,closed,21-05-2024 23:52:01
28.91698,closed,21-05-2024 23:52:02
28.91698,closed,21-05-2024 23:52:02
28.91698,closed,21-05-2024 23:52:02
28.91698,closed,21-05-2024 23:52:03
28.91698,closed,21-05-2024 23:52:03
28.91698,closed,21-05-2024 23:52:04
28.91698,closed,21-05-2024 23:52:04
28.44887,closed,21-05-2024 23:52:05
28.91698,closed,21-05-2024 23:52:05
28.91698,closed,21-05-2024 23:52:05
28.91698,closed,21-05-2024 23:52:06
28.91698,closed,21-05-2024 23:52:06
28.91698,closed,21-05-2024 23:52:07
28.91698,closed,21-05-2024 23:52:07
28.91698,closed,21-05-2024 23:52:08
28.91698,closed,21-05-2024 23:52:08
28.91698,closed,21-05-2024 23:52:08
28.91698,closed,21-05-2024 23:52:09
28.91698,closed,21-05-2024 23:52:09
28.91698,closed,21-05-2024 23:52:10
28.91698,closed,21-05-2024 23:52:10
28.91698,closed,21-05-2024 23:52:11
28.91698,closed,21-05-2024 23:52:11
28.91698,closed,21-05-2024 23:52:12
28.91698,closed,21-05-2024 23:52:12
28.91698,closed,21-05-2024 23:52:12
28.44887,closed,21-05-2024 23:52:13
28.91698,closed,21-05-2024 23:52:13
28.91698,closed,21-05-2024 23:52:14
28.91698,closed,21-05-2024 23:52:14
28.91698,closed,21-05-2024 23:52:15
28.91698,closed,21-05-2024 23:52:15
28.91698,closed,21-05-2024 23:52:16
28.91698,closed,21-05-2024 23:52:16
28.91698,closed,21-05-2024 23:52:17
28.91698,closed,21-05-2024 23:52:17
28.91698,closed,21-05-2024 23:52:18
29.38512,closed,21-05-2024 23:52:18
28.91698,closed,21-05-2024 23:52:19
28.91698,closed,21-05-2024 23:52:19
28.91698,closed,21-05-2024 23:52:20
28.91698,closed,21-05-2024 23:52:20
28.91698,closed,21-05-2024 23:52:21
28.91698,closed,21-05-2024 23:52:21
28.91698,closed,21-05-2024 23:52:21
28.44887,closed,21-05-2024 23:52:22
28.91698,closed,21-05-2024 23:52:22
28.91698,closed,21-05-2024 23:52:23
28.91698,closed,21-05-2024 23:52:23
29.38512,closed,21-05-2024 23:52:24
28.91698,closed,21-05-2024 23:52:24
28.91698,closed,21-05-2024 23:52:25
28.91698,closed,21-05-2024 23:52:25
28.91698,closed,21-05-2024 23:52:26
28.91698,closed,21-05-2024 23:52:26
28.91698,closed,21-05-2024 23:52:27
28.91698,closed,21-05-2024 23:52:27
28.91698,closed,21-05-2024 23:52:28
28.91698,closed,21-05-2024 23:52:28
28.91698,closed,21-05-2024 23:52:28
28.91698,closed,21-05-2024 23:52:29
28.91698,closed,21-05-2024 23:52:29
28.91698,closed,21-05-2024 23:52:30
28.91698,closed,21-05-2024 23:52:30
28.91698,closed,21-05-2024 23:52:31
28.91698,closed,21-05-2024 23:52:31
28.91698,closed,21-05-2024 23:52:31
28.91698,closed,21-05-2024 23:52:32
28.91698,closed,21-05-2024 23:52:32
28.91698,closed,21-05-2024 23:52:33
28.91698,closed,21-05-2024 23:52:33
28.91698,closed,21-05-2024 23:52:34
28.91698,closed,21-05-2024 23:52:34
28.91698,closed,21-05-2024 23:52:34
29.38512,closed,21-05-2024 23:52:35
28.91698,closed,21-05-2024 23:52:35
28.91698,closed,21-05-2024 23:52:36
29.38512,closed,21-05-2024 23:52:36
28.91698,closed,21-05-2024 23:52:37
28.91698,closed,21-05-2024 23:52:37
28.91698,closed,21-05-2024 23:52:38
28.91698,closed,21-05-2024 23:52:38
28.91698,closed,21-05-2024 23:52:39
28.44887,closed,21-05-2024 23:52:39
28.91698,closed,21-05-2024 23:52:39
28.91698,closed,21-05-2024 23:52:40
28.91698,closed,21-05-2024 23:52:40
28.91698,closed,21-05-2024 23:52:41
28.91698,closed,21-05-2024 23:52:41
28.91698,closed,21-05-2024 23:52:42
29.38512,closed,21-05-2024 23:52:42
28.91698,closed,21-05-2024 23:52:42
28.91698,closed,21-05-2024 23:52:43
28.91698,closed,21-05-2024 23:52:43
29.38512,closed,21-05-2024 23:52:44
28.91698,closed,21-05-2024 23:52:44
28.44887,closed,21-05-2024 23:52:45
28.91698,closed,21-05-2024 23:52:45
28.91698,closed,21-05-2024 23:52:46
28.91698,closed,21-05-2024 23:52:46
28.91698,closed,21-05-2024 23:52:47
28.91698,closed,21-05-2024 23:52:47
28.91698,closed,21-05-2024 23:52:47
28.91698,closed,21-05-2024 23:52:48
28.91698,closed,21-05-2024 23:52:48
28.91698,closed,21-05-2024 23:52:49
28.91698,closed,21-05-2024 23:52:49
28.91698,closed,21-05-2024 23:52:50
28.91698,closed,21-05-2024 23:52:50
28.91698,closed,21-05-2024 23:52:51
28.91698,closed,21-05-2024 23:52:51
28.91698,closed,21-05-2024 23:52:52
28.91698,closed,21-05-2024 23:52:52
28.91698,closed,21-05-2024 23:52:52
28.91698,closed,21-05-2024 23:52:53
28.91698,closed,21-05-2024 23:52:53
28.91698,closed,21-05-2024 23:52:54
28.91698,closed,21-05-2024 23:52:54
28.91698,closed,21-05-2024 23:52:55
28.91698,closed,21-05-2024 23:52:55
28.91698,closed,21-05-2024 23:52:55
28.91698,closed,21-05-2024 23:52:56
28.91698,closed,21-05-2024 23:52:56
28.91698,closed,21-05-2024 23:52:57
28.91698,closed,21-05-2024 23:52:57
28.91698,closed,21-05-2024 23:52:58
28.91698,closed,21-05-2024 23:52:58
28.91698,closed,21-05-2024 23:52:59
28.91698,closed,21-05-2024 23:52:59
28.91698,closed,21-05-2024 23:52:59
28.91698,closed,21-05-2024 23:53:00
28.91698,closed,21-05-2024 23:53:00
28.91698,closed,21-05-2024 23:53:01
28.91698,closed,21-05-2024 23:53:01
28.91698,closed,21-05-2024 23:53:02
28.91698,closed,21-05-2024 23:53:02
28.91698,closed,21-05-2024 23:53:03
28.91698,closed,21-05-2024 23:53:03
28.91698,closed,21-05-2024 23:53:04
28.91698,closed,21-05-2024 23:53:04
28.91698,closed,21-05-2024 23:53:05
28.91698,closed,21-05-2024 23:53:05
29.38512,closed,21-05-2024 23:53:06
28.91698,closed,21-05-2024 23:53:06
28.91698,closed,21-05-2024 23:53:07
28.91698,closed,21-05-2024 23:53:07
28.91698,closed,21-05-2024 23:53:08
28.91698,closed,21-05-2024 23:53:08
28.91698,closed,21-05-2024 23:53:09
28.91698,closed,21-05-2024 23:53:09
28.91698,closed,21-05-2024 23:53:09
28.91698,closed,21-05-2024 23:53:10
28.91698,closed,21-05-2024 23:53:10
28.91698,closed,21-05-2024 23:53:11
29.85327,closed,21-05-2024 23:53:11
28.91698,closed,21-05-2024 23:53:12
28.91698,closed,21-05-2024 23:53:12
28.91698,closed,21-05-2024 23:53:12
28.91698,closed,21-05-2024 23:53:13
28.91698,closed,21-05-2024 23:53:13
28.44887,closed,21-05-2024 23:53:14
28.91698,closed,21-05-2024 23:53:14
28.91698,closed,21-05-2024 23:53:15
28.91698,closed,21-05-2024 23:53:15
28.91698,closed,21-05-2024 23:53:15
28.91698,closed,21-05-2024 23:53:16
28.91698,closed,21-05-2024 23:53:16
28.44887,closed,21-05-2024 23:53:17
28.91698,closed,21-05-2024 23:53:17
28.91698,closed,21-05-2024 23:53:18
28.91698,closed,21-05-2024 23:53:19
28.44887,closed,21-05-2024 23:53:19
28.91698,closed,21-05-2024 23:53:20
28.91698,closed,21-05-2024 23:53:20
28.91698,closed,21-05-2024 23:53:20
28.91698,closed,21-05-2024 23:53:21
28.91698,closed,21-05-2024 23:53:21
28.91698,closed,21-05-2024 23:53:22
28.91698,closed,21-05-2024 23:53:22
28.91698,closed,21-05-2024 23:53:23
28.91698,closed,21-05-2024 23:53:23
28.91698,closed,21-05-2024 23:53:24
28.91698,closed,21-05-2024 23:53:24
28.91698,closed,21-05-2024 23:53:24
28.91698,closed,21-05-2024 23:53:25
28.91698,closed,21-05-2024 23:53:25
28.91698,closed,21-05-2024 23:53:26
28.91698,closed,21-05-2024 23:53:26
28.91698,closed,21-05-2024 23:53:27
29.38512,closed,21-05-2024 23:53:27
28.91698,closed,21-05-2024 23:53:28
28.91698,closed,21-05-2024 23:53:29
28.91698,closed,21-05-2024 23:53:29
28.91698,closed,21-05-2024 23:53:30
28.91698,closed,21-05-2024 23:53:30
28.91698,closed,21-05-2024 23:53:31
29.38512,closed,21-05-2024 23:53:31
28.91698,closed,21-05-2024 23:53:32
28.91698,closed,21-05-2024 23:53:32
28.91698,closed,21-05-2024 23:53:32
28.91698,closed,21-05-2024 23:53:33
28.91698,closed,21-05-2024 23:53:34
28.91698,closed,21-05-2024 23:53:34
29.38512,closed,21-05-2024 23:53:34
29.38512,closed,21-05-2024 23:53:35
28.91698,closed,21-05-2024 23:53:35
28.91698,closed,21-05-2024 23:53:36
29.38512,closed,21-05-2024 23:53:36
28.91698,closed,21-05-2024 23:53:37
28.91698,closed,21-05-2024 23:53:37
28.91698,closed,21-05-2024 23:53:38
29.38512,closed,21-05-2024 23:53:38
28.91698,closed,21-05-2024 23:53:38
28.91698,closed,21-05-2024 23:53:39
29.85327,closed,21-05-2024 23:53:39
28.91698,closed,21-05-2024 23:53:40
28.91698,closed,21-05-2024 23:53:40
28.91698,closed,21-05-2024 23:53:41
29.38512,closed,21-05-2024 23:53:41
28.91698,closed,21-05-2024 23:53:42
28.91698,closed,21-05-2024 23:53:42
28.91698,closed,21-05-2024 23:53:43
28.44887,closed,21-05-2024 23:53:43
28.91698,closed,21-05-2024 23:53:44
28.91698,closed,21-05-2024 23:53:44
28.91698,closed,21-05-2024 23:53:45
28.91698,closed,21-05-2024 23:53:45
28.91698,closed,21-05-2024 23:53:46
28.91698,closed,21-05-2024 23:53:46
28.91698,closed,21-05-2024 23:53:47
28.44887,closed,21-05-2024 23:53:47
28.91698,closed,21-05-2024 23:53:48
28.91698,closed,21-05-2024 23:53:48
29.38512,closed,21-05-2024 23:53:49
28.91698,closed,21-05-2024 23:53:49
28.91698,closed,21-05-2024 23:53:50
28.91698,closed,21-05-2024 23:53:50
28.91698,closed,21-05-2024 23:53:51
28.91698,closed,21-05-2024 23:53:51
28.91698,closed,21-05-2024 23:53:52
28.91698,closed,21-05-2024 23:53:52
28.91698,closed,21-05-2024 23:53:53
28.91698,closed,21-05-2024 23:53:53
28.44887,closed,21-05-2024 23:53:54
28.91698,closed,21-05-2024 23:53:54
28.91698,closed,21-05-2024 23:53:55
28.91698,closed,21-05-2024 23:53:55
28.91698,closed,21-05-2024 23:53:56
28.91698,closed,21-05-2024 23:53:56
28.91698,closed,21-05-2024 23:53:57
28.91698,closed,21-05-2024 23:53:57
28.91698,closed,21-05-2024 23:53:58
28.91698,closed,21-05-2024 23:53:58
28.91698,closed,21-05-2024 23:53:59
28.91698,closed,21-05-2024 23:53:59
29.38512,closed,21-05-2024 23:54:00
28.91698,closed,21-05-2024 23:54:00
28.91698,closed,21-05-2024 23:54:01
28.91698,closed,21-05-2024 23:54:01
28.91698,closed,21-05-2024 23:54:02
29.38512,closed,21-05-2024 23:54:02
28.91698,closed,21-05-2024 23:54:03
28.91698,closed,21-05-2024 23:54:03
28.91698,closed,21-05-2024 23:54:04
28.44887,closed,21-05-2024 23:54:04
28.91698,closed,21-05-2024 23:54:05
28.91698,closed,21-05-2024 23:54:05
28.91698,closed,21-05-2024 23:54:06
28.91698,closed,21-05-2024 23:54:06
28.91698,closed,21-05-2024 23:54:07
28.91698,closed,21-05-2024 23:54:07
28.91698,closed,21-05-2024 23:54:08
28.91698,closed,21-05-2024 23:54:08
28.91698,closed,21-05-2024 23:54:09
28.91698,closed,21-05-2024 23:54:09
28.91698,closed,21-05-2024 23:54:10
29.38512,closed,21-05-2024 23:54:10
28.91698,closed,21-05-2024 23:54:11
28.91698,closed,21-05-2024 23:54:12
28.91698,closed,21-05-2024 23:54:12
28.91698,closed,21-05-2024 23:54:12
28.91698,closed,21-05-2024 23:54:13
28.91698,closed,21-05-2024 23:54:13
28.91698,closed,21-05-2024 23:54:14
29.38512,closed,21-05-2024 23:54:14
29.38512,closed,21-05-2024 23:54:15
29.85327,closed,21-05-2024 23:54:15
28.91698,closed,21-05-2024 23:54:16
28.91698,closed,21-05-2024 23:54:16
28.91698,closed,21-05-2024 23:54:17
29.38512,closed,21-05-2024 23:54:17
28.91698,closed,21-05-2024 23:54:18
28.91698,closed,21-05-2024 23:54:18
29.38512,closed,21-05-2024 23:54:19
28.91698,closed,21-05-2024 23:54:19
28.91698,closed,21-05-2024 23:54:20
28.91698,closed,21-05-2024 23:54:20
28.91698,closed,21-05-2024 23:54:21
29.85327,closed,21-05-2024 23:54:21
28.91698,closed,21-05-2024 23:54:22
28.91698,closed,21-05-2024 23:54:23
28.91698,closed,21-05-2024 23:54:23
28.91698,closed,21-05-2024 23:54:24
28.91698,closed,21-05-2024 23:54:24
28.91698,closed,21-05-2024 23:54:25
29.38512,closed,21-05-2024 23:54:25
28.91698,closed,21-05-2024 23:54:25
28.91698,closed,21-05-2024 23:54:26
28.91698,closed,21-05-2024 23:54:26
28.91698,closed,21-05-2024 23:54:27
28.91698,closed,21-05-2024 23:54:27
28.91698,closed,21-05-2024 23:54:27
29.38512,closed,21-05-2024 23:54:28
28.91698,closed,21-05-2024 23:54:28
28.44887,closed,21-05-2024 23:54:29
28.91698,closed,21-05-2024 23:54:29
28.91698,closed,21-05-2024 23:54:30
28.91698,closed,21-05-2024 23:54:30
28.91698,closed,21-05-2024 23:54:31
28.91698,closed,21-05-2024 23:54:31
28.91698,closed,21-05-2024 23:54:32
28.91698,closed,21-05-2024 23:54:32
28.91698,closed,21-05-2024 23:54:33
28.91698,closed,21-05-2024 23:54:33
28.91698,closed,21-05-2024 23:54:33
28.91698,closed,21-05-2024 23:54:34
28.91698,closed,21-05-2024 23:54:35
28.91698,closed,21-05-2024 23:54:35
28.91698,closed,21-05-2024 23:54:36
28.91698,closed,21-05-2024 23:54:36
28.91698,closed,21-05-2024 23:54:36
28.91698,closed,21-05-2024 23:54:37
28.91698,closed,21-05-2024 23:54:37
28.44887,closed,21-05-2024 23:54:38
28.91698,closed,21-05-2024 23:54:38
28.91698,closed,21-05-2024 23:54:39
28.91698,closed,21-05-2024 23:54:39
28.91698,closed,21-05-2024 23:54:40
28.91698,closed,21-05-2024 23:54:40
28.91698,closed,21-05-2024 23:54:41
28.91698,closed,21-05-2024 23:54:41
28.91698,closed,21-05-2024 23:54:42
28.91698,closed,21-05-2024 23:54:42
28.91698,closed,21-05-2024 23:54:42
28.91698,closed,21-05-2024 23:54:43
28.91698,closed,21-05-2024 23:54:44
28.91698,closed,21-05-2024 23:54:44
28.91698,closed,21-05-2024 23:54:45
28.91698,closed,21-05-2024 23:54:45
28.91698,closed,21-05-2024 23:54:45
28.91698,closed,21-05-2024 23:54:46
28.91698,closed,21-05-2024 23:54:46
28.91698,closed,21-05-2024 23:54:47
28.91698,closed,21-05-2024 23:54:47
28.91698,closed,21-05-2024 23:54:48
28.91698,closed,21-05-2024 23:54:48
29.38512,closed,21-05-2024 23:54:49
29.38512,closed,21-05-2024 23:54:49
28.91698,closed,21-05-2024 23:54:50
28.91698,closed,21-05-2024 23:54:50
29.38512,closed,21-05-2024 23:54:51
29.85327,closed,21-05-2024 23:54:51
28.91698,closed,21-05-2024 23:54:52
28.91698,closed,21-05-2024 23:54:52
28.91698,closed,21-05-2024 23:54:53
28.91698,closed,21-05-2024 23:54:53
28.91698,closed,21-05-2024 23:54:54
28.91698,closed,21-05-2024 23:54:54
28.91698,closed,21-05-2024 23:54:55
28.91698,closed,21-05-2024 23:54:55
28.91698,closed,21-05-2024 23:54:56
28.91698,closed,21-05-2024 23:54:56
28.91698,closed,21-05-2024 23:54:57
28.91698,closed,21-05-2024 23:54:57
28.91698,closed,21-05-2024 23:54:58
28.91698,closed,21-05-2024 23:54:58
28.91698,closed,21-05-2024 23:54:59
28.91698,closed,21-05-2024 23:54:59
28.91698,closed,21-05-2024 23:55:00
28.91698,closed,21-05-2024 23:55:00
28.91698,closed,21-05-2024 23:55:03
28.91698,closed,21-05-2024 23:55:03
28.91698,closed,21-05-2024 23:55:03
28.91698,closed,21-05-2024 23:55:04
28.91698,closed,21-05-2024 23:55:04
28.91698,closed,21-05-2024 23:55:05
28.91698,closed,21-05-2024 23:55:05
28.91698,closed,21-05-2024 23:55:06
28.91698,closed,21-05-2024 23:55:06
28.91698,closed,21-05-2024 23:55:07
28.91698,closed,21-05-2024 23:55:07
28.91698,closed,21-05-2024 23:55:07
29.38512,closed,21-05-2024 23:55:08
28.91698,closed,21-05-2024 23:55:08
28.91698,closed,21-05-2024 23:55:09
28.91698,closed,21-05-2024 23:55:09
28.91698,closed,21-05-2024 23:55:10
28.91698,closed,21-05-2024 23:55:10
28.91698,closed,21-05-2024 23:55:11
29.38512,closed,21-05-2024 23:55:11
28.91698,closed,21-05-2024 23:55:12
28.91698,closed,21-05-2024 23:55:12
29.85327,closed,21-05-2024 23:55:13
28.91698,closed,21-05-2024 23:55:13
28.91698,closed,21-05-2024 23:55:14
28.91698,closed,21-05-2024 23:55:14
28.91698,closed,21-05-2024 23:55:15
28.91698,closed,21-05-2024 23:55:15
28.91698,closed,21-05-2024 23:55:16
28.91698,closed,21-05-2024 23:55:16
28.91698,closed,21-05-2024 23:55:17
28.91698,closed,21-05-2024 23:55:17
28.91698,closed,21-05-2024 23:55:17
28.91698,closed,21-05-2024 23:55:18
29.38512,closed,21-05-2024 23:55:18
28.91698,closed,21-05-2024 23:55:19
28.91698,closed,21-05-2024 23:55:19
28.91698,closed,21-05-2024 23:55:20
28.91698,closed,21-05-2024 23:55:20
28.91698,closed,21-05-2024 23:55:21
28.91698,closed,21-05-2024 23:55:21
29.38512,closed,21-05-2024 23:55:22
28.91698,closed,21-05-2024 23:55:22
28.91698,closed,21-05-2024 23:55:23
28.91698,closed,21-05-2024 23:55:23
28.91698,closed,21-05-2024 23:55:23
28.91698,closed,21-05-2024 23:55:24
28.91698,closed,21-05-2024 23:55:24
28.91698,closed,21-05-2024 23:55:25
28.91698,closed,21-05-2024 23:55:25
28.91698,closed,21-05-2024 23:55:26
28.91698,closed,21-05-2024 23:55:27
28.91698,closed,21-05-2024 23:55:27
28.44887,closed,21-05-2024 23:55:28
28.91698,closed,21-05-2024 23:55:28
28.91698,closed,21-05-2024 23:55:29
28.91698,closed,21-05-2024 23:55:29
28.91698,closed,21-05-2024 23:55:29
28.91698,closed,21-05-2024 23:55:30
29.38512,closed,21-05-2024 23:55:30
28.91698,closed,21-05-2024 23:55:31
28.91698,closed,21-05-2024 23:55:31
28.91698,closed,21-05-2024 23:55:32
28.91698,closed,21-05-2024 23:55:32
28.91698,closed,21-05-2024 23:55:33
28.91698,closed,21-05-2024 23:55:33
28.91698,closed,21-05-2024 23:55:34
28.91698,closed,21-05-2024 23:55:34
29.85327,closed,21-05-2024 23:55:35
29.85327,closed,21-05-2024 23:55:35
28.91698,closed,21-05-2024 23:55:36
29.38512,closed,21-05-2024 23:55:36
28.91698,closed,21-05-2024 23:55:36
28.91698,closed,21-05-2024 23:55:37
28.91698,closed,21-05-2024 23:55:37
28.91698,closed,21-05-2024 23:55:38
28.91698,closed,21-05-2024 23:55:38
28.91698,closed,21-05-2024 23:55:39
28.91698,closed,21-05-2024 23:55:39
29.38512,closed,21-05-2024 23:55:40
28.91698,closed,21-05-2024 23:55:40
28.91698,closed,21-05-2024 23:55:41
28.91698,closed,21-05-2024 23:55:41
28.91698,closed,21-05-2024 23:55:42
28.91698,closed,21-05-2024 23:55:42
29.85327,closed,21-05-2024 23:55:43
28.91698,closed,21-05-2024 23:55:43
28.91698,closed,21-05-2024 23:55:44
28.91698,closed,21-05-2024 23:55:44
28.91698,closed,21-05-2024 23:55:45
28.91698,closed,21-05-2024 23:55:45
28.91698,closed,21-05-2024 23:55:45
28.91698,closed,21-05-2024 23:55:46
29.38512,closed,21-05-2024 23:55:46
28.91698,closed,21-05-2024 23:55:47
28.91698,closed,21-05-2024 23:55:47
28.91698,closed,21-05-2024 23:55:48
28.91698,closed,21-05-2024 23:55:48
28.91698,closed,21-05-2024 23:55:49
28.91698,closed,21-05-2024 23:55:49
28.91698,closed,21-05-2024 23:55:50
29.85327,closed,21-05-2024 23:55:50
28.91698,closed,21-05-2024 23:55:50
28.91698,closed,21-05-2024 23:55:51
28.91698,closed,21-05-2024 23:55:51
28.91698,closed,21-05-2024 23:55:52
28.91698,closed,21-05-2024 23:55:52
28.91698,closed,21-05-2024 23:55:53
28.91698,closed,21-05-2024 23:55:53
28.91698,closed,21-05-2024 23:55:54
28.91698,closed,21-05-2024 23:55:54
28.91698,closed,21-05-2024 23:55:55
28.91698,closed,21-05-2024 23:55:55
28.91698,closed,21-05-2024 23:55:56
28.91698,closed,21-05-2024 23:55:56
28.91698,closed,21-05-2024 23:55:57
29.38512,closed,21-05-2024 23:55:57
28.91698,closed,21-05-2024 23:55:58
28.91698,closed,21-05-2024 23:55:59
28.91698,closed,21-05-2024 23:55:59
28.91698,closed,21-05-2024 23:56:00
28.91698,closed,21-05-2024 23:56:00
28.91698,closed,21-05-2024 23:56:01
28.91698,closed,21-05-2024 23:56:01
28.91698,closed,21-05-2024 23:56:02
28.91698,closed,21-05-2024 23:56:02
28.91698,closed,21-05-2024 23:56:04
28.91698,closed,21-05-2024 23:56:05
29.38512,closed,21-05-2024 23:56:05
28.91698,closed,21-05-2024 23:56:06
29.38512,closed,21-05-2024 23:56:06
28.91698,closed,21-05-2024 23:56:07
28.91698,closed,21-05-2024 23:56:07
28.91698,closed,21-05-2024 23:56:08
28.91698,closed,21-05-2024 23:56:08
28.91698,closed,21-05-2024 23:56:09
28.91698,closed,21-05-2024 23:56:09
28.91698,closed,21-05-2024 23:56:10
28.91698,closed,21-05-2024 23:56:10
28.91698,closed,21-05-2024 23:56:11
28.91698,closed,21-05-2024 23:56:11
28.91698,closed,21-05-2024 23:56:12
29.85327,closed,21-05-2024 23:56:12
28.91698,closed,21-05-2024 23:56:13
28.91698,closed,21-05-2024 23:56:13
28.91698,closed,21-05-2024 23:56:14
28.91698,closed,21-05-2024 23:56:14
28.91698,closed,21-05-2024 23:56:15
28.91698,closed,21-05-2024 23:56:15
28.91698,closed,21-05-2024 23:56:16
28.91698,closed,21-05-2024 23:56:16
28.91698,closed,21-05-2024 23:56:17
28.91698,closed,21-05-2024 23:56:17
28.91698,closed,21-05-2024 23:56:18
28.91698,closed,21-05-2024 23:56:18
29.85327,closed,21-05-2024 23:56:18
28.91698,closed,21-05-2024 23:56:19
28.91698,closed,21-05-2024 23:56:19
28.91698,closed,21-05-2024 23:56:20
28.91698,closed,21-05-2024 23:56:21
28.91698,closed,21-05-2024 23:56:21
28.91698,closed,21-05-2024 23:56:22
29.38512,closed,21-05-2024 23:56:22
28.91698,closed,21-05-2024 23:56:22
29.38512,closed,21-05-2024 23:56:23
29.85327,closed,21-05-2024 23:56:24
28.91698,closed,21-05-2024 23:56:24
29.85327,closed,21-05-2024 23:56:24
28.91698,closed,21-05-2024 23:56:25
28.91698,closed,21-05-2024 23:56:25
28.91698,closed,21-05-2024 23:56:26
28.91698,closed,21-05-2024 23:56:26
28.91698,closed,21-05-2024 23:56:27
28.91698,closed,21-05-2024 23:56:27
28.91698,closed,21-05-2024 23:56:28
28.91698,closed,21-05-2024 23:56:28
28.91698,closed,21-05-2024 23:56:29
28.91698,closed,21-05-2024 23:56:29
28.91698,closed,21-05-2024 23:56:30
28.91698,closed,21-05-2024 23:56:30
28.91698,closed,21-05-2024 23:56:30
28.91698,closed,21-05-2024 23:56:31
28.91698,closed,21-05-2024 23:56:32
28.91698,closed,21-05-2024 23:56:32
28.91698,closed,21-05-2024 23:56:32
28.91698,closed,21-05-2024 23:56:33
28.91698,closed,21-05-2024 23:56:33
28.91698,closed,21-05-2024 23:56:34
28.91698,closed,21-05-2024 23:56:34
29.38512,closed,21-05-2024 23:56:34
29.38512,closed,21-05-2024 23:56:35
28.91698,closed,21-05-2024 23:56:36
28.91698,closed,21-05-2024 23:56:36
28.91698,closed,21-05-2024 23:56:36
29.38512,closed,21-05-2024 23:56:37
28.91698,closed,21-05-2024 23:56:37
28.91698,closed,21-05-2024 23:56:38
28.91698,closed,21-05-2024 23:56:38
28.91698,closed,21-05-2024 23:56:39
28.91698,closed,21-05-2024 23:56:39
28.44887,closed,21-05-2024 23:56:40
29.38512,closed,21-05-2024 23:56:40
29.38512,closed,21-05-2024 23:56:41
28.91698,closed,21-05-2024 23:56:41
29.38512,closed,21-05-2024 23:56:42
28.91698,closed,21-05-2024 23:56:42
28.91698,closed,21-05-2024 23:56:43
28.91698,closed,21-05-2024 23:56:43
28.91698,closed,21-05-2024 23:56:44
28.91698,closed,21-05-2024 23:56:44
28.91698,closed,21-05-2024 23:56:45
28.91698,closed,21-05-2024 23:56:45
28.91698,closed,21-05-2024 23:56:46
28.91698,closed,21-05-2024 23:56:46
29.38512,closed,21-05-2024 23:56:47
28.91698,closed,21-05-2024 23:56:47
28.91698,closed,21-05-2024 23:56:47
28.91698,closed,21-05-2024 23:56:48
28.91698,closed,21-05-2024 23:56:48
28.91698,closed,21-05-2024 23:56:49
28.91698,closed,21-05-2024 23:56:49
28.91698,closed,21-05-2024 23:56:50
28.91698,closed,21-05-2024 23:56:50
28.91698,closed,21-05-2024 23:56:51
28.91698,closed,21-05-2024 23:56:51
28.91698,closed,21-05-2024 23:56:52
28.91698,closed,21-05-2024 23:56:52
28.91698,closed,21-05-2024 23:56:53
28.91698,closed,21-05-2024 23:56:53
28.91698,closed,21-05-2024 23:56:54
28.91698,closed,21-05-2024 23:56:54
28.91698,closed,21-05-2024 23:56:55
28.91698,closed,21-05-2024 23:56:55
28.91698,closed,21-05-2024 23:56:56
28.91698,closed,21-05-2024 23:56:56
29.38512,closed,21-05-2024 23:56:57
28.91698,closed,21-05-2024 23:56:57
29.85327,closed,21-05-2024 23:56:58
28.91698,closed,21-05-2024 23:56:58
28.91698,closed,21-05-2024 23:56:59
28.91698,closed,21-05-2024 23:56:59
28.91698,closed,21-05-2024 23:57:00
28.91698,closed,21-05-2024 23:57:00
28.91698,closed,21-05-2024 23:57:00
28.91698,closed,21-05-2024 23:57:01
28.91698,closed,21-05-2024 23:57:01
28.91698,closed,21-05-2024 23:57:02
28.91698,closed,21-05-2024 23:57:02
28.91698,closed,21-05-2024 23:57:03
29.38512,closed,21-05-2024 23:57:03
28.91698,closed,21-05-2024 23:57:04
28.91698,closed,21-05-2024 23:57:04
28.91698,closed,21-05-2024 23:57:04
28.91698,closed,21-05-2024 23:57:05
28.91698,closed,21-05-2024 23:57:05
28.91698,closed,21-05-2024 23:57:06
28.91698,closed,21-05-2024 23:57:06
28.91698,closed,21-05-2024 23:57:07
28.91698,closed,21-05-2024 23:57:07
28.91698,closed,21-05-2024 23:57:07
28.91698,closed,21-05-2024 23:57:08
28.91698,closed,21-05-2024 23:57:08
28.91698,closed,21-05-2024 23:57:09
28.91698,closed,21-05-2024 23:57:09
28.91698,closed,21-05-2024 23:57:10
29.38512,closed,21-05-2024 23:57:10
28.91698,closed,21-05-2024 23:57:11
28.91698,closed,21-05-2024 23:57:11
28.44887,closed,21-05-2024 23:57:12
28.91698,closed,21-05-2024 23:57:12
28.91698,closed,21-05-2024 23:57:13
28.91698,closed,21-05-2024 23:57:13
28.91698,closed,21-05-2024 23:57:14
28.91698,closed,21-05-2024 23:57:14
28.91698,closed,21-05-2024 23:57:15
29.85327,closed,21-05-2024 23:57:15
29.38512,closed,21-05-2024 23:57:15
28.91698,closed,21-05-2024 23:57:16
28.91698,closed,21-05-2024 23:57:16
29.85327,closed,21-05-2024 23:57:17
28.91698,closed,21-05-2024 23:57:17
29.38512,closed,21-05-2024 23:57:18
28.91698,closed,21-05-2024 23:57:18
28.91698,closed,21-05-2024 23:57:19
28.91698,closed,21-05-2024 23:57:19
29.85327,closed,21-05-2024 23:57:19
28.91698,closed,21-05-2024 23:57:20
28.91698,closed,21-05-2024 23:57:20
29.38512,closed,21-05-2024 23:57:21
28.91698,closed,21-05-2024 23:57:21
29.85327,closed,21-05-2024 23:57:22
28.91698,closed,21-05-2024 23:57:22
28.91698,closed,21-05-2024 23:57:23
28.91698,closed,21-05-2024 23:57:23
28.91698,closed,21-05-2024 23:57:24
28.91698,closed,21-05-2024 23:57:24
28.91698,closed,21-05-2024 23:57:25
29.38512,closed,21-05-2024 23:57:25
28.91698,closed,21-05-2024 23:57:26
29.38512,closed,21-05-2024 23:57:26
28.91698,closed,21-05-2024 23:57:27
28.91698,closed,21-05-2024 23:57:27
28.91698,closed,21-05-2024 23:57:28
28.91698,closed,21-05-2024 23:57:28
28.91698,closed,21-05-2024 23:57:28
28.91698,closed,21-05-2024 23:57:29
28.91698,closed,21-05-2024 23:57:29
28.91698,closed,21-05-2024 23:57:30
28.91698,closed,21-05-2024 23:57:30
28.91698,closed,21-05-2024 23:57:30
28.91698,closed,21-05-2024 23:57:31
28.91698,closed,21-05-2024 23:57:31
29.85327,closed,21-05-2024 23:57:32
29.38512,closed,21-05-2024 23:57:32
28.91698,closed,21-05-2024 23:57:33
28.91698,closed,21-05-2024 23:57:33
28.91698,closed,21-05-2024 23:57:33
28.91698,closed,21-05-2024 23:57:34
28.91698,closed,21-05-2024 23:57:34
28.91698,closed,21-05-2024 23:57:35
28.91698,closed,21-05-2024 23:57:35
28.91698,closed,21-05-2024 23:57:36
28.91698,closed,21-05-2024 23:57:36
28.91698,closed,21-05-2024 23:57:37
28.91698,closed,21-05-2024 23:57:37
29.85327,closed,21-05-2024 23:57:37
28.44887,closed,21-05-2024 23:57:38
28.91698,closed,21-05-2024 23:57:38
28.91698,closed,21-05-2024 23:57:39
28.91698,closed,21-05-2024 23:57:39
28.91698,closed,21-05-2024 23:57:40
28.91698,closed,21-05-2024 23:57:40
28.91698,closed,21-05-2024 23:57:41
28.91698,closed,21-05-2024 23:57:41
28.91698,closed,21-05-2024 23:57:42
29.38512,closed,21-05-2024 23:57:42
28.91698,closed,21-05-2024 23:57:43
28.91698,closed,21-05-2024 23:57:43
28.91698,closed,21-05-2024 23:57:44
28.91698,closed,21-05-2024 23:57:44
28.91698,closed,21-05-2024 23:57:44
28.91698,closed,21-05-2024 23:57:45
28.91698,closed,21-05-2024 23:57:46
28.91698,closed,21-05-2024 23:57:46
28.91698,closed,21-05-2024 23:57:46
28.91698,closed,21-05-2024 23:57:47
29.38512,closed,21-05-2024 23:57:47
28.91698,closed,21-05-2024 23:57:48
28.91698,closed,21-05-2024 23:57:48
28.91698,closed,21-05-2024 23:57:49
28.91698,closed,21-05-2024 23:57:49
28.91698,closed,21-05-2024 23:57:50
28.91698,closed,21-05-2024 23:57:50
28.91698,closed,21-05-2024 23:57:51
28.91698,closed,21-05-2024 23:57:51
28.91698,closed,21-05-2024 23:57:52
28.91698,closed,21-05-2024 23:57:52
28.91698,closed,21-05-2024 23:57:53
28.91698,closed,21-05-2024 23:57:53
28.91698,closed,21-05-2024 23:57:54
28.91698,closed,21-05-2024 23:57:54
29.38512,closed,21-05-2024 23:57:55
29.38512,closed,21-05-2024 23:57:55
28.91698,closed,21-05-2024 23:57:56
28.91698,closed,21-05-2024 23:57:56
28.91698,closed,21-05-2024 23:57:56
28.44887,closed,21-05-2024 23:57:57
28.91698,closed,21-05-2024 23:57:58
28.91698,closed,21-05-2024 23:57:58
29.38512,closed,21-05-2024 23:57:59
28.91698,closed,21-05-2024 23:57:59
28.91698,closed,21-05-2024 23:58:00
28.91698,closed,21-05-2024 23:58:00
28.91698,closed,21-05-2024 23:58:01
28.91698,closed,21-05-2024 23:58:01
28.91698,closed,21-05-2024 23:58:01
28.91698,closed,21-05-2024 23:58:02
29.38512,closed,21-05-2024 23:58:02
28.91698,closed,21-05-2024 23:58:03
28.91698,closed,21-05-2024 23:58:03
28.91698,closed,21-05-2024 23:58:04
28.91698,closed,21-05-2024 23:58:04
28.91698,closed,21-05-2024 23:58:05
29.38512,closed,21-05-2024 23:58:05
28.91698,closed,21-05-2024 23:58:06
28.91698,closed,21-05-2024 23:58:06
28.91698,closed,21-05-2024 23:58:07
28.91698,closed,21-05-2024 23:58:07
28.91698,closed,21-05-2024 23:58:07
28.91698,closed,21-05-2024 23:58:08
28.91698,closed,21-05-2024 23:58:09
28.91698,closed,21-05-2024 23:58:09
28.91698,closed,21-05-2024 23:58:10
29.38512,closed,21-05-2024 23:58:10
28.91698,closed,21-05-2024 23:58:11
28.91698,closed,21-05-2024 23:58:11
28.91698,closed,21-05-2024 23:58:12
29.38512,closed,21-05-2024 23:58:12
28.91698,closed,21-05-2024 23:58:13
29.38512,closed,21-05-2024 23:58:13
28.91698,closed,21-05-2024 23:58:14
28.91698,closed,21-05-2024 23:58:14
28.91698,closed,21-05-2024 23:58:15
28.91698,closed,21-05-2024 23:58:15
28.91698,closed,21-05-2024 23:58:15
28.91698,closed,21-05-2024 23:58:16
28.91698,closed,21-05-2024 23:58:16
28.91698,closed,21-05-2024 23:58:17
28.91698,closed,21-05-2024 23:58:17
28.91698,closed,21-05-2024 23:58:18
28.91698,closed,21-05-2024 23:58:19
28.91698,closed,21-05-2024 23:58:19
28.91698,closed,21-05-2024 23:58:20
28.91698,closed,21-05-2024 23:58:20
29.38512,closed,21-05-2024 23:58:21
28.91698,closed,21-05-2024 23:58:21
28.91698,closed,21-05-2024 23:58:21
28.91698,closed,21-05-2024 23:58:22
28.91698,closed,21-05-2024 23:58:22
28.91698,closed,21-05-2024 23:58:23
28.91698,closed,21-05-2024 23:58:23
28.91698,closed,21-05-2024 23:58:24
28.91698,closed,21-05-2024 23:58:24
28.91698,closed,21-05-2024 23:58:25
29.85327,closed,21-05-2024 23:58:25
28.91698,closed,21-05-2024 23:58:26
28.91698,closed,21-05-2024 23:58:26
29.38512,closed,21-05-2024 23:58:26
28.91698,closed,21-05-2024 23:58:27
28.91698,closed,21-05-2024 23:58:27
28.91698,closed,21-05-2024 23:58:28
28.91698,closed,21-05-2024 23:58:29
28.91698,closed,21-05-2024 23:58:29
28.91698,closed,21-05-2024 23:58:29
28.91698,closed,21-05-2024 23:58:30
28.91698,closed,21-05-2024 23:58:30
29.38512,closed,21-05-2024 23:58:31
28.91698,closed,21-05-2024 23:58:31
28.91698,closed,21-05-2024 23:58:32
28.91698,closed,21-05-2024 23:58:32
28.91698,closed,21-05-2024 23:58:32
28.91698,closed,21-05-2024 23:58:33
28.91698,closed,21-05-2024 23:58:33
28.91698,closed,21-05-2024 23:58:34
28.91698,closed,21-05-2024 23:58:34
28.91698,closed,21-05-2024 23:58:35
28.91698,closed,21-05-2024 23:58:35
28.91698,closed,21-05-2024 23:58:36
28.91698,closed,21-05-2024 23:58:36
28.91698,closed,21-05-2024 23:58:37
28.91698,closed,21-05-2024 23:58:37
28.91698,closed,21-05-2024 23:58:38
28.91698,closed,21-05-2024 23:58:38
28.91698,closed,21-05-2024 23:58:39
28.91698,closed,21-05-2024 23:58:39
28.91698,closed,21-05-2024 23:58:40
28.91698,closed,21-05-2024 23:58:40
28.91698,closed,21-05-2024 23:58:41
28.91698,closed,21-05-2024 23:58:41
28.91698,closed,21-05-2024 23:58:41
28.91698,closed,21-05-2024 23:58:42
28.91698,closed,21-05-2024 23:58:42
28.91698,closed,21-05-2024 23:58:43
28.91698,closed,21-05-2024 23:58:43
29.38512,closed,21-05-2024 23:58:44
28.91698,closed,21-05-2024 23:58:44
28.91698,closed,21-05-2024 23:58:45
28.44887,closed,21-05-2024 23:58:45
28.91698,closed,21-05-2024 23:58:46
29.85327,closed,21-05-2024 23:58:46
28.91698,closed,21-05-2024 23:58:47
28.91698,closed,21-05-2024 23:58:47
28.91698,closed,21-05-2024 23:58:48
28.91698,closed,21-05-2024 23:58:48
28.44887,closed,21-05-2024 23:58:49
28.91698,closed,21-05-2024 23:58:49
28.91698,closed,21-05-2024 23:58:50
28.91698,closed,21-05-2024 23:58:50
28.91698,closed,21-05-2024 23:58:50
28.91698,closed,21-05-2024 23:58:51
28.91698,closed,21-05-2024 23:58:51
28.91698,closed,21-05-2024 23:58:52
28.91698,closed,21-05-2024 23:58:52
28.91698,closed,21-05-2024 23:58:52
28.91698,closed,21-05-2024 23:58:53
29.38512,closed,21-05-2024 23:58:53
28.91698,closed,21-05-2024 23:58:54
28.91698,closed,21-05-2024 23:58:54
28.91698,closed,21-05-2024 23:58:55
29.85327,closed,21-05-2024 23:58:55
29.85327,closed,21-05-2024 23:58:56
28.91698,closed,21-05-2024 23:58:56
28.91698,closed,21-05-2024 23:58:57
28.91698,closed,21-05-2024 23:58:57
28.91698,closed,21-05-2024 23:58:58
29.38512,closed,21-05-2024 23:58:58
28.91698,closed,21-05-2024 23:58:59
29.38512,closed,21-05-2024 23:59:00
28.91698,closed,21-05-2024 23:59:00
28.91698,closed,21-05-2024 23:59:00
28.91698,closed,21-05-2024 23:59:01
28.91698,closed,21-05-2024 23:59:01
28.91698,closed,21-05-2024 23:59:02
28.91698,closed,21-05-2024 23:59:02
28.91698,closed,21-05-2024 23:59:02
28.91698,closed,21-05-2024 23:59:03
28.91698,closed,21-05-2024 23:59:03
28.91698,closed,21-05-2024 23:59:04
28.91698,closed,21-05-2024 23:59:04
28.91698,closed,21-05-2024 23:59:05
28.91698,closed,21-05-2024 23:59:05
28.91698,closed,21-05-2024 23:59:06
29.38512,closed,21-05-2024 23:59:06
28.91698,closed,21-05-2024 23:59:06
28.91698,closed,21-05-2024 23:59:07
28.91698,closed,21-05-2024 23:59:07
29.85327,closed,21-05-2024 23:59:08
29.38512,closed,21-05-2024 23:59:11
29.38512,closed,21-05-2024 23:59:12
28.91698,closed,21-05-2024 23:59:47
28.91698,closed,21-05-2024 23:59:47
28.91698,closed,21-05-2024 23:59:48
28.91698,closed,21-05-2024 23:59:56
